competition_track,canonical_position_code,priority_block,owner,target_rank,current_stage_anchor_count,final_target_count,growth_wave,growth_candidate_name,growth_status,source_strategy,next_action
feminino,centroavante,phase_1_core_positions,Diego Torres,11,10,25,top25_growth_wave_1_core_loaded,Tessa Wullaert,external_audit_passed_promoted_to_shortlist,fifa_uefa_conmebol_transfermarkt_public_and_registered,continuar growth discovery complementar para aproximar a combinacao de 25 nomes auditados
feminino,centroavante,phase_1_core_positions,Diego Torres,12,10,25,top25_growth_wave_1_core_loaded,Alexandra Popp,external_audit_passed_promoted_to_shortlist,fifa_uefa_conmebol_transfermarkt_public_and_registered,continuar growth discovery complementar para aproximar a combinacao de 25 nomes auditados
feminino,centroavante,phase_1_core_positions,Diego Torres,13,10,25,top25_growth_wave_1_core_loaded,Cristiane,external_audit_passed_promoted_to_shortlist,fifa_uefa_conmebol_transfermarkt_public_and_registered,continuar growth discovery complementar para aproximar a combinacao de 25 nomes auditados
feminino,centroavante,phase_1_core_positions,Diego Torres,14,10,25,top25_growth_wave_1_core_loaded,Khadija Shaw,external_audit_passed_promoted_to_shortlist,fifa_uefa_conmebol_transfermarkt_public_and_registered,continuar growth discovery complementar para aproximar a combinacao de 25 nomes auditados
feminino,centroavante,phase_1_core_positions,Diego Torres,15,10,25,top25_growth_wave_1_core_loaded,Lotta Schelin,external_audit_passed_promoted_to_shortlist,fifa_uefa_conmebol_transfermarkt_public_and_registered,continuar growth discovery complementar para aproximar a combinacao de 25 nomes auditados
feminino,centroavante,phase_1_core_positions,Diego Torres,16,10,25,top25_growth_wave_4_core_loaded,Eugenie Le Sommer,external_audit_passed_promoted_to_shortlist,fifa_uefa_conmebol_transfermarkt_public_and_registered,continuar growth discovery complementar para aproximar a combinacao de 25 nomes auditados
feminino,centroavante,phase_1_core_positions,Diego Torres,17,10,25,top25_growth_wave_4_core_loaded,Bethany England,external_audit_passed_promoted_to_shortlist,fifa_uefa_conmebol_transfermarkt_public_and_registered,continuar growth discovery complementar para aproximar a combinacao de 25 nomes auditados
feminino,centroavante,phase_1_core_positions,Diego Torres,18,10,25,top25_growth_wave_4_core_loaded,Abby Wambach,external_audit_passed_promoted_to_shortlist,fifa_uefa_conmebol_transfermarkt_public_and_registered,continuar growth discovery complementar para aproximar a combinacao de 25 nomes auditados
feminino,centroavante,phase_1_core_positions,Diego Torres,19,10,25,top25_growth_wave_4_core_loaded,Patrizia Panico,external_audit_passed_promoted_to_shortlist,fifa_uefa_conmebol_transfermarkt_public_and_registered,continuar growth discovery complementar para aproximar a combinacao de 25 nomes auditados
feminino,centroavante,phase_1_core_positions,Diego Torres,20,10,25,top25_growth_wave_4_core_loaded,Melissa Tancredi,external_audit_passed_promoted_to_shortlist,fifa_uefa_conmebol_transfermarkt_public_and_registered,continuar growth discovery complementar para aproximar a combinacao de 25 nomes auditados
feminino,centroavante,phase_1_core_positions,Diego Torres,21,10,25,top25_growth_wave_6_core_loaded,Alba Redondo,external_audit_passed_promoted_to_shortlist,fifa_uefa_conmebol_transfermarkt_public_and_registered,combinacao central concluida no top25 auditado
feminino,centroavante,phase_1_core_positions,Diego Torres,22,10,25,top25_growth_wave_6_core_loaded,Mina Tanaka CF,external_audit_passed_promoted_to_shortlist,fifa_uefa_conmebol_transfermarkt_public_and_registered,combinacao central concluida no top25 auditado
feminino,centroavante,phase_1_core_positions,Diego Torres,23,10,25,top25_growth_wave_6_core_loaded,Sabrina Delannoy Forward,external_audit_passed_promoted_to_shortlist,fifa_uefa_conmebol_transfermarkt_public_and_registered,combinacao central concluida no top25 auditado
feminino,centroavante,phase_1_core_positions,Diego Torres,24,10,25,top25_growth_wave_6_core_loaded,Manuela Vanegas CF,external_audit_passed_promoted_to_shortlist,fifa_uefa_conmebol_transfermarkt_public_and_registered,combinacao central concluida no top25 auditado
feminino,centroavante,phase_1_core_positions,Diego Torres,25,10,25,top25_growth_wave_6_core_loaded,Stina Blackstenius,external_audit_passed_promoted_to_shortlist,fifa_uefa_conmebol_transfermarkt_public_and_registered,combinacao central concluida no top25 auditado
feminino,goleiro,phase_1_core_positions,Diego Torres,11,10,25,top25_growth_wave_1_core_loaded,Sari van Veenendaal,external_audit_passed_promoted_to_shortlist,fifa_uefa_conmebol_transfermarkt_public_and_registered,continuar growth discovery complementar para aproximar a combinacao de 25 nomes auditados
feminino,goleiro,phase_1_core_positions,Diego Torres,12,10,25,top25_growth_wave_1_core_loaded,Almuth Schult,external_audit_passed_promoted_to_shortlist,fifa_uefa_conmebol_transfermarkt_public_and_registered,continuar growth discovery complementar para aproximar a combinacao de 25 nomes auditados
feminino,goleiro,phase_1_core_positions,Diego Torres,13,10,25,top25_growth_wave_1_core_loaded,Bente Nordby,external_audit_passed_promoted_to_shortlist,fifa_uefa_conmebol_transfermarkt_public_and_registered,continuar growth discovery complementar para aproximar a combinacao de 25 nomes auditados
feminino,goleiro,phase_1_core_positions,Diego Torres,14,10,25,top25_growth_wave_1_core_loaded,Emma Byrne,external_audit_passed_promoted_to_shortlist,fifa_uefa_conmebol_transfermarkt_public_and_registered,continuar growth discovery complementar para aproximar a combinacao de 25 nomes auditados
feminino,goleiro,phase_1_core_positions,Diego Torres,15,10,25,top25_growth_wave_1_core_loaded,Daphne van Domselaar,external_audit_passed_promoted_to_shortlist,fifa_uefa_conmebol_transfermarkt_public_and_registered,continuar growth discovery complementar para aproximar a combinacao de 25 nomes auditados
feminino,goleiro,phase_1_core_positions,Diego Torres,16,10,25,top25_growth_wave_4_core_loaded,Pauline Peyraud-Magnin,external_audit_passed_promoted_to_shortlist,fifa_uefa_conmebol_transfermarkt_public_and_registered,continuar growth discovery complementar para aproximar a combinacao de 25 nomes auditados
feminino,goleiro,phase_1_core_positions,Diego Torres,17,10,25,top25_growth_wave_4_core_loaded,Kailen Sheridan,external_audit_passed_promoted_to_shortlist,fifa_uefa_conmebol_transfermarkt_public_and_registered,continuar growth discovery complementar para aproximar a combinacao de 25 nomes auditados
feminino,goleiro,phase_1_core_positions,Diego Torres,18,10,25,top25_growth_wave_4_core_loaded,Chiamaka Nnadozie,external_audit_passed_promoted_to_shortlist,fifa_uefa_conmebol_transfermarkt_public_and_registered,continuar growth discovery complementar para aproximar a combinacao de 25 nomes auditados
feminino,goleiro,phase_1_core_positions,Diego Torres,19,10,25,top25_growth_wave_4_core_loaded,Karina LeBlanc,external_audit_passed_promoted_to_shortlist,fifa_uefa_conmebol_transfermarkt_public_and_registered,continuar growth discovery complementar para aproximar a combinacao de 25 nomes auditados
feminino,goleiro,phase_1_core_positions,Diego Torres,20,10,25,top25_growth_wave_4_core_loaded,Laura Giuliani,external_audit_passed_promoted_to_shortlist,fifa_uefa_conmebol_transfermarkt_public_and_registered,continuar growth discovery complementar para aproximar a combinacao de 25 nomes auditados
feminino,goleiro,phase_1_core_positions,Diego Torres,21,10,25,top25_growth_wave_6_core_loaded,Lola Gallardo,external_audit_passed_promoted_to_shortlist,fifa_uefa_conmebol_transfermarkt_public_and_registered,combinacao central concluida no top25 auditado
feminino,goleiro,phase_1_core_positions,Diego Torres,22,10,25,top25_growth_wave_6_core_loaded,Zecira Musovic,external_audit_passed_promoted_to_shortlist,fifa_uefa_conmebol_transfermarkt_public_and_registered,combinacao central concluida no top25 auditado
feminino,goleiro,phase_1_core_positions,Diego Torres,23,10,25,top25_growth_wave_6_core_loaded,Merle Frohms,external_audit_passed_promoted_to_shortlist,fifa_uefa_conmebol_transfermarkt_public_and_registered,combinacao central concluida no top25 auditado
feminino,goleiro,phase_1_core_positions,Diego Torres,24,10,25,top25_growth_wave_6_core_loaded,Mackenzie Arnold,external_audit_passed_promoted_to_shortlist,fifa_uefa_conmebol_transfermarkt_public_and_registered,combinacao central concluida no top25 auditado
feminino,goleiro,phase_1_core_positions,Diego Torres,25,10,25,top25_growth_wave_6_core_loaded,Ann-Katrin Berger II,external_audit_passed_promoted_to_shortlist,fifa_uefa_conmebol_transfermarkt_public_and_registered,combinacao central concluida no top25 auditado
feminino,lateral_direito,phase_2_support_positions,Helena Martins,11,10,25,top25_growth_wave_2_support_loaded,Hanna Glas,external_audit_passed_promoted_to_shortlist,fifa_uefa_conmebol_transfermarkt_public_and_registered,continuar growth discovery complementar para aproximar a combinacao de 25 nomes auditados
feminino,lateral_direito,phase_2_support_positions,Helena Martins,12,10,25,top25_growth_wave_2_support_loaded,Ashleigh Neville,external_audit_passed_promoted_to_shortlist,fifa_uefa_conmebol_transfermarkt_public_and_registered,continuar growth discovery complementar para aproximar a combinacao de 25 nomes auditados
feminino,lateral_direito,phase_2_support_positions,Helena Martins,13,10,25,top25_growth_wave_2_support_loaded,Nicoline Sorensen,external_audit_passed_promoted_to_shortlist,fifa_uefa_conmebol_transfermarkt_public_and_registered,continuar growth discovery complementar para aproximar a combinacao de 25 nomes auditados
feminino,lateral_direito,phase_2_support_positions,Helena Martins,14,10,25,top25_growth_wave_2_support_loaded,Eve Perisset,external_audit_passed_promoted_to_shortlist,fifa_uefa_conmebol_transfermarkt_public_and_registered,continuar growth discovery complementar para aproximar a combinacao de 25 nomes auditados
feminino,lateral_direito,phase_2_support_positions,Helena Martins,15,10,25,top25_growth_wave_2_support_loaded,Marion Torrent,external_audit_passed_promoted_to_shortlist,fifa_uefa_conmebol_transfermarkt_public_and_registered,continuar growth discovery complementar para aproximar a combinacao de 25 nomes auditados
feminino,lateral_direito,phase_2_support_positions,Helena Martins,16,10,25,top25_growth_wave_5_support_loaded,Kerstin Casparij,external_audit_passed_promoted_to_shortlist,fifa_uefa_conmebol_transfermarkt_public_and_registered,continuar growth discovery complementar para aproximar a combinacao de 25 nomes auditados
feminino,lateral_direito,phase_2_support_positions,Helena Martins,17,10,25,top25_growth_wave_5_support_loaded,Iman Beney,external_audit_passed_promoted_to_shortlist,fifa_uefa_conmebol_transfermarkt_public_and_registered,continuar growth discovery complementar para aproximar a combinacao de 25 nomes auditados
feminino,lateral_direito,phase_2_support_positions,Helena Martins,18,10,25,top25_growth_wave_5_support_loaded,Maitane Lopez,external_audit_passed_promoted_to_shortlist,fifa_uefa_conmebol_transfermarkt_public_and_registered,continuar growth discovery complementar para aproximar a combinacao de 25 nomes auditados
feminino,lateral_direito,phase_2_support_positions,Helena Martins,19,10,25,top25_growth_wave_5_support_loaded,Ailing Wang,external_audit_passed_promoted_to_shortlist,fifa_uefa_conmebol_transfermarkt_public_and_registered,continuar growth discovery complementar para aproximar a combinacao de 25 nomes auditados
feminino,lateral_direito,phase_2_support_positions,Helena Martins,20,10,25,top25_growth_wave_5_support_loaded,Risa Shimizu,external_audit_passed_promoted_to_shortlist,fifa_uefa_conmebol_transfermarkt_public_and_registered,continuar growth discovery complementar para aproximar a combinacao de 25 nomes auditados
feminino,lateral_direito,phase_2_support_positions,Helena Martins,21,10,25,top25_growth_wave_7_support_loaded,Emily Sonnett,external_audit_passed_promoted_to_shortlist,fifa_uefa_conmebol_transfermarkt_public_and_registered,combinacao de apoio concluida no top25 auditado
feminino,lateral_direito,phase_2_support_positions,Helena Martins,22,10,25,top25_growth_wave_7_support_loaded,Poliana,external_audit_passed_promoted_to_shortlist,fifa_uefa_conmebol_transfermarkt_public_and_registered,combinacao de apoio concluida no top25 auditado
feminino,lateral_direito,phase_2_support_positions,Helena Martins,23,10,25,top25_growth_wave_7_support_loaded,Mie Leth Jans,external_audit_passed_promoted_to_shortlist,fifa_uefa_conmebol_transfermarkt_public_and_registered,combinacao de apoio concluida no top25 auditado
feminino,lateral_direito,phase_2_support_positions,Helena Martins,24,10,25,top25_growth_wave_7_support_loaded,Anna Blasse,external_audit_passed_promoted_to_shortlist,fifa_uefa_conmebol_transfermarkt_public_and_registered,combinacao de apoio concluida no top25 auditado
feminino,lateral_direito,phase_2_support_positions,Helena Martins,25,10,25,top25_growth_wave_7_support_loaded,Hanna Lundkvist,external_audit_passed_promoted_to_shortlist,fifa_uefa_conmebol_transfermarkt_public_and_registered,combinacao de apoio concluida no top25 auditado
feminino,lateral_esquerdo,phase_2_support_positions,Helena Martins,11,10,25,top25_growth_wave_2_support_loaded,Perle Morroni,external_audit_passed_promoted_to_shortlist,fifa_uefa_conmebol_transfermarkt_public_and_registered,continuar growth discovery complementar para aproximar a combinacao de 25 nomes auditados
feminino,lateral_esquerdo,phase_2_support_positions,Helena Martins,12,10,25,top25_growth_wave_2_support_loaded,Amel Majri,external_audit_passed_promoted_to_shortlist,fifa_uefa_conmebol_transfermarkt_public_and_registered,continuar growth discovery complementar para aproximar a combinacao de 25 nomes auditados
feminino,lateral_esquerdo,phase_2_support_positions,Helena Martins,13,10,25,top25_growth_wave_2_support_loaded,Elise Kellond-Knight,external_audit_passed_promoted_to_shortlist,fifa_uefa_conmebol_transfermarkt_public_and_registered,continuar growth discovery complementar para aproximar a combinacao de 25 nomes auditados
feminino,lateral_esquerdo,phase_2_support_positions,Helena Martins,14,10,25,top25_growth_wave_2_support_loaded,Esmee Brugts,external_audit_passed_promoted_to_shortlist,fifa_uefa_conmebol_transfermarkt_public_and_registered,continuar growth discovery complementar para aproximar a combinacao de 25 nomes auditados
feminino,lateral_esquerdo,phase_2_support_positions,Helena Martins,15,10,25,top25_growth_wave_2_support_loaded,Felicitas Rauch,external_audit_passed_promoted_to_shortlist,fifa_uefa_conmebol_transfermarkt_public_and_registered,continuar growth discovery complementar para aproximar a combinacao de 25 nomes auditados
feminino,lateral_esquerdo,phase_2_support_positions,Helena Martins,16,10,25,top25_growth_wave_5_support_loaded,Olga Carmona,external_audit_passed_promoted_to_shortlist,fifa_uefa_conmebol_transfermarkt_public_and_registered,continuar growth discovery complementar para aproximar a combinacao de 25 nomes auditados
feminino,lateral_esquerdo,phase_2_support_positions,Helena Martins,17,10,25,top25_growth_wave_5_support_loaded,Casey Krueger,external_audit_passed_promoted_to_shortlist,fifa_uefa_conmebol_transfermarkt_public_and_registered,continuar growth discovery complementar para aproximar a combinacao de 25 nomes auditados
feminino,lateral_esquerdo,phase_2_support_positions,Helena Martins,18,10,25,top25_growth_wave_5_support_loaded,Sofia Huerta,external_audit_passed_promoted_to_shortlist,fifa_uefa_conmebol_transfermarkt_public_and_registered,continuar growth discovery complementar para aproximar a combinacao de 25 nomes auditados
feminino,lateral_esquerdo,phase_2_support_positions,Helena Martins,19,10,25,top25_growth_wave_5_support_loaded,Megan Reid,external_audit_passed_promoted_to_shortlist,fifa_uefa_conmebol_transfermarkt_public_and_registered,continuar growth discovery complementar para aproximar a combinacao de 25 nomes auditados
feminino,lateral_esquerdo,phase_2_support_positions,Helena Martins,20,10,25,top25_growth_wave_5_support_loaded,Courtney Nevin,external_audit_passed_promoted_to_shortlist,fifa_uefa_conmebol_transfermarkt_public_and_registered,continuar growth discovery complementar para aproximar a combinacao de 25 nomes auditados
feminino,lateral_esquerdo,phase_2_support_positions,Helena Martins,21,10,25,top25_growth_wave_7_support_loaded,Ali Riley,external_audit_passed_promoted_to_shortlist,fifa_uefa_conmebol_transfermarkt_public_and_registered,combinacao de apoio concluida no top25 auditado
feminino,lateral_esquerdo,phase_2_support_positions,Helena Martins,22,10,25,top25_growth_wave_7_support_loaded,Verena Hanshaw,external_audit_passed_promoted_to_shortlist,fifa_uefa_conmebol_transfermarkt_public_and_registered,combinacao de apoio concluida no top25 auditado
feminino,lateral_esquerdo,phase_2_support_positions,Helena Martins,23,10,25,top25_growth_wave_7_support_loaded,Sonia Bompastor,external_audit_passed_promoted_to_shortlist,fifa_uefa_conmebol_transfermarkt_public_and_registered,combinacao de apoio concluida no top25 auditado
feminino,lateral_esquerdo,phase_2_support_positions,Helena Martins,24,10,25,top25_growth_wave_7_support_loaded,Rosana,external_audit_passed_promoted_to_shortlist,fifa_uefa_conmebol_transfermarkt_public_and_registered,combinacao de apoio concluida no top25 auditado
feminino,lateral_esquerdo,phase_2_support_positions,Helena Martins,25,10,25,top25_growth_wave_7_support_loaded,Alyssa Chapman,external_audit_passed_promoted_to_shortlist,fifa_uefa_conmebol_transfermarkt_public_and_registered,combinacao de apoio concluida no top25 auditado
feminino,meia_central,phase_2_support_positions,Lara Nascimento,11,10,25,top25_growth_wave_2_support_loaded,Danielle van de Donk,external_audit_passed_promoted_to_shortlist,fifa_uefa_conmebol_transfermarkt_public_and_registered,continuar growth discovery complementar para aproximar a combinacao de 25 nomes auditados
feminino,meia_central,phase_2_support_positions,Lara Nascimento,12,10,25,top25_growth_wave_2_support_loaded,Sara Dabritz,external_audit_passed_promoted_to_shortlist,fifa_uefa_conmebol_transfermarkt_public_and_registered,continuar growth discovery complementar para aproximar a combinacao de 25 nomes auditados
feminino,meia_central,phase_2_support_positions,Lara Nascimento,13,10,25,top25_growth_wave_2_support_loaded,Leicy Santos,external_audit_passed_promoted_to_shortlist,fifa_uefa_conmebol_transfermarkt_public_and_registered,continuar growth discovery complementar para aproximar a combinacao de 25 nomes auditados
feminino,meia_central,phase_2_support_positions,Lara Nascimento,14,10,25,top25_growth_wave_2_support_loaded,Filippa Angeldahl,external_audit_passed_promoted_to_shortlist,fifa_uefa_conmebol_transfermarkt_public_and_registered,continuar growth discovery complementar para aproximar a combinacao de 25 nomes auditados
feminino,meia_central,phase_2_support_positions,Lara Nascimento,15,10,25,top25_growth_wave_2_support_loaded,Sandie Toletti,external_audit_passed_promoted_to_shortlist,fifa_uefa_conmebol_transfermarkt_public_and_registered,continuar growth discovery complementar para aproximar a combinacao de 25 nomes auditados
feminino,meia_central,phase_2_support_positions,Lara Nascimento,16,10,25,top25_growth_wave_5_support_loaded,Jordan Nobbs,external_audit_passed_promoted_to_shortlist,fifa_uefa_conmebol_transfermarkt_public_and_registered,continuar growth discovery complementar para aproximar a combinacao de 25 nomes auditados
feminino,meia_central,phase_2_support_positions,Lara Nascimento,17,10,25,top25_growth_wave_5_support_loaded,Fara Williams,external_audit_passed_promoted_to_shortlist,fifa_uefa_conmebol_transfermarkt_public_and_registered,continuar growth discovery complementar para aproximar a combinacao de 25 nomes auditados
feminino,meia_central,phase_2_support_positions,Lara Nascimento,18,10,25,top25_growth_wave_5_support_loaded,Caroline Weir,external_audit_passed_promoted_to_shortlist,fifa_uefa_conmebol_transfermarkt_public_and_registered,continuar growth discovery complementar para aproximar a combinacao de 25 nomes auditados
feminino,meia_central,phase_2_support_positions,Lara Nascimento,19,10,25,top25_growth_wave_5_support_loaded,Laura Freigang,external_audit_passed_promoted_to_shortlist,fifa_uefa_conmebol_transfermarkt_public_and_registered,continuar growth discovery complementar para aproximar a combinacao de 25 nomes auditados
feminino,meia_central,phase_2_support_positions,Lara Nascimento,20,10,25,top25_growth_wave_5_support_loaded,Amanda Sampedro,external_audit_passed_promoted_to_shortlist,fifa_uefa_conmebol_transfermarkt_public_and_registered,continuar growth discovery complementar para aproximar a combinacao de 25 nomes auditados
feminino,meia_central,phase_2_support_positions,Lara Nascimento,21,10,25,top25_growth_wave_7_support_loaded,Erin Cuthbert,external_audit_passed_promoted_to_shortlist,fifa_uefa_conmebol_transfermarkt_public_and_registered,combinacao de apoio concluida no top25 auditado
feminino,meia_central,phase_2_support_positions,Lara Nascimento,22,10,25,top25_growth_wave_7_support_loaded,Sam Coffey,external_audit_passed_promoted_to_shortlist,fifa_uefa_conmebol_transfermarkt_public_and_registered,combinacao de apoio concluida no top25 auditado
feminino,meia_central,phase_2_support_positions,Lara Nascimento,23,10,25,top25_growth_wave_7_support_loaded,Tameka Yallop,external_audit_passed_promoted_to_shortlist,fifa_uefa_conmebol_transfermarkt_public_and_registered,combinacao de apoio concluida no top25 auditado
feminino,meia_central,phase_2_support_positions,Lara Nascimento,24,10,25,top25_growth_wave_7_support_loaded,Jessica Fishlock,external_audit_passed_promoted_to_shortlist,fifa_uefa_conmebol_transfermarkt_public_and_registered,combinacao de apoio concluida no top25 auditado
feminino,meia_central,phase_2_support_positions,Lara Nascimento,25,10,25,top25_growth_wave_7_support_loaded,Katrina Gorry,external_audit_passed_promoted_to_shortlist,fifa_uefa_conmebol_transfermarkt_public_and_registered,combinacao de apoio concluida no top25 auditado
feminino,meia_ofensivo,phase_1_core_positions,Lara Nascimento,11,10,25,top25_growth_wave_1_core_loaded,Amanda Gutierres,external_audit_passed_promoted_to_shortlist,fifa_uefa_conmebol_transfermarkt_public_and_registered,continuar growth discovery complementar para aproximar a combinacao de 25 nomes auditados
feminino,meia_ofensivo,phase_1_core_positions,Lara Nascimento,12,10,25,top25_growth_wave_1_core_loaded,Melchie Dumornay,external_audit_passed_promoted_to_shortlist,fifa_uefa_conmebol_transfermarkt_public_and_registered,continuar growth discovery complementar para aproximar a combinacao de 25 nomes auditados
feminino,meia_ofensivo,phase_1_core_positions,Lara Nascimento,13,10,25,top25_growth_wave_1_core_loaded,Carla Couto,external_audit_passed_promoted_to_shortlist,fifa_uefa_conmebol_transfermarkt_public_and_registered,continuar growth discovery complementar para aproximar a combinacao de 25 nomes auditados
feminino,meia_ofensivo,phase_1_core_positions,Lara Nascimento,14,10,25,top25_growth_wave_1_core_loaded,Louisa Necib,external_audit_passed_promoted_to_shortlist,fifa_uefa_conmebol_transfermarkt_public_and_registered,continuar growth discovery complementar para aproximar a combinacao de 25 nomes auditados
feminino,meia_ofensivo,phase_1_core_positions,Lara Nascimento,15,10,25,top25_growth_wave_1_core_loaded,Gaetane Thiney,external_audit_passed_promoted_to_shortlist,fifa_uefa_conmebol_transfermarkt_public_and_registered,continuar growth discovery complementar para aproximar a combinacao de 25 nomes auditados
feminino,meia_ofensivo,phase_1_core_positions,Lara Nascimento,16,10,25,top25_growth_wave_4_core_loaded,Catalina Usme,external_audit_passed_promoted_to_shortlist,fifa_uefa_conmebol_transfermarkt_public_and_registered,continuar growth discovery complementar para aproximar a combinacao de 25 nomes auditados
feminino,meia_ofensivo,phase_1_core_positions,Lara Nascimento,17,10,25,top25_growth_wave_4_core_loaded,Vicky Losada,external_audit_passed_promoted_to_shortlist,fifa_uefa_conmebol_transfermarkt_public_and_registered,continuar growth discovery complementar para aproximar a combinacao de 25 nomes auditados
feminino,meia_ofensivo,phase_1_core_positions,Lara Nascimento,18,10,25,top25_growth_wave_4_core_loaded,Jenni Hermoso,external_audit_passed_promoted_to_shortlist,fifa_uefa_conmebol_transfermarkt_public_and_registered,continuar growth discovery complementar para aproximar a combinacao de 25 nomes auditados
feminino,meia_ofensivo,phase_1_core_positions,Lara Nascimento,19,10,25,top25_growth_wave_4_core_loaded,Camille Abily,external_audit_passed_promoted_to_shortlist,fifa_uefa_conmebol_transfermarkt_public_and_registered,continuar growth discovery complementar para aproximar a combinacao de 25 nomes auditados
feminino,meia_ofensivo,phase_1_core_positions,Lara Nascimento,20,10,25,top25_growth_wave_4_core_loaded,Linda Medalen,external_audit_passed_promoted_to_shortlist,fifa_uefa_conmebol_transfermarkt_public_and_registered,continuar growth discovery complementar para aproximar a combinacao de 25 nomes auditados
feminino,meia_ofensivo,phase_1_core_positions,Lara Nascimento,21,10,25,top25_growth_wave_6_core_loaded,Ana-Maria Crnogorcevic,external_audit_passed_promoted_to_shortlist,fifa_uefa_conmebol_transfermarkt_public_and_registered,combinacao central concluida no top25 auditado
feminino,meia_ofensivo,phase_1_core_positions,Lara Nascimento,22,10,25,top25_growth_wave_6_core_loaded,Mina Tanaka,external_audit_passed_promoted_to_shortlist,fifa_uefa_conmebol_transfermarkt_public_and_registered,combinacao central concluida no top25 auditado
feminino,meia_ofensivo,phase_1_core_positions,Lara Nascimento,23,10,25,top25_growth_wave_6_core_loaded,Kika Nazareth,external_audit_passed_promoted_to_shortlist,fifa_uefa_conmebol_transfermarkt_public_and_registered,combinacao central concluida no top25 auditado
feminino,meia_ofensivo,phase_1_core_positions,Lara Nascimento,24,10,25,top25_growth_wave_6_core_loaded,Deyna Castellanos,external_audit_passed_promoted_to_shortlist,fifa_uefa_conmebol_transfermarkt_public_and_registered,combinacao central concluida no top25 auditado
feminino,meia_ofensivo,phase_1_core_positions,Lara Nascimento,25,10,25,top25_growth_wave_6_core_loaded,Sophie Schmidt,external_audit_passed_promoted_to_shortlist,fifa_uefa_conmebol_transfermarkt_public_and_registered,combinacao central concluida no top25 auditado
feminino,ponta_direita,phase_3_wide_profiles,Lara Nascimento,11,10,25,top25_growth_wave_3_wide_loaded,Lynn Williams,external_audit_passed_promoted_to_shortlist,fifa_uefa_conmebol_transfermarkt_public_and_registered,continuar growth discovery complementar para aproximar a combinacao de 25 nomes auditados
feminino,ponta_direita,phase_3_wide_profiles,Lara Nascimento,12,10,25,top25_growth_wave_3_wide_loaded,Jessica Silva,external_audit_passed_promoted_to_shortlist,fifa_uefa_conmebol_transfermarkt_public_and_registered,continuar growth discovery complementar para aproximar a combinacao de 25 nomes auditados
feminino,ponta_direita,phase_3_wide_profiles,Lara Nascimento,13,10,25,top25_growth_wave_3_wide_loaded,Shanice van de Sanden,external_audit_passed_promoted_to_shortlist,fifa_uefa_conmebol_transfermarkt_public_and_registered,continuar growth discovery complementar para aproximar a combinacao de 25 nomes auditados
feminino,ponta_direita,phase_3_wide_profiles,Lara Nascimento,14,10,25,top25_growth_wave_3_wide_loaded,Cortnee Vine,external_audit_passed_promoted_to_shortlist,fifa_uefa_conmebol_transfermarkt_public_and_registered,continuar growth discovery complementar para aproximar a combinacao de 25 nomes auditados
feminino,ponta_direita,phase_3_wide_profiles,Lara Nascimento,15,10,25,top25_growth_wave_3_wide_loaded,Rosella Ayane,external_audit_passed_promoted_to_shortlist,fifa_uefa_conmebol_transfermarkt_public_and_registered,continuar growth discovery complementar para aproximar a combinacao de 25 nomes auditados
feminino,ponta_direita,phase_3_wide_profiles,Lara Nascimento,16,10,25,top25_growth_wave_8_wide_loaded,Sofia Jakobsson,external_audit_passed_promoted_to_shortlist,fifa_uefa_conmebol_transfermarkt_public_and_registered,continuar growth discovery complementar para fechar a combinacao no top25 auditado
feminino,ponta_direita,phase_3_wide_profiles,Lara Nascimento,17,10,25,top25_growth_wave_8_wide_loaded,Kerolin,external_audit_passed_promoted_to_shortlist,fifa_uefa_conmebol_transfermarkt_public_and_registered,continuar growth discovery complementar para fechar a combinacao no top25 auditado
feminino,ponta_direita,phase_3_wide_profiles,Lara Nascimento,18,10,25,top25_growth_wave_8_wide_loaded,Rebecka Blomqvist,external_audit_passed_promoted_to_shortlist,fifa_uefa_conmebol_transfermarkt_public_and_registered,continuar growth discovery complementar para fechar a combinacao no top25 auditado
feminino,ponta_direita,phase_3_wide_profiles,Lara Nascimento,19,10,25,top25_growth_wave_8_wide_loaded,Yuki Nagasato,external_audit_passed_promoted_to_shortlist,fifa_uefa_conmebol_transfermarkt_public_and_registered,continuar growth discovery complementar para fechar a combinacao no top25 auditado
feminino,ponta_direita,phase_3_wide_profiles,Lara Nascimento,20,10,25,top25_growth_wave_8_wide_loaded,Evelyne Viens,external_audit_passed_promoted_to_shortlist,fifa_uefa_conmebol_transfermarkt_public_and_registered,continuar growth discovery complementar para fechar a combinacao no top25 auditado
feminino,ponta_direita,phase_3_wide_profiles,Lara Nascimento,21,10,25,top25_growth_wave_9_wide_loaded,Alisha Lehmann,external_audit_passed_promoted_to_shortlist,fifa_uefa_conmebol_transfermarkt_public_and_registered,combinacao de ponta concluida no top25 auditado
feminino,ponta_direita,phase_3_wide_profiles,Lara Nascimento,22,10,25,top25_growth_wave_9_wide_loaded,Nichelle Prince,external_audit_passed_promoted_to_shortlist,fifa_uefa_conmebol_transfermarkt_public_and_registered,combinacao de ponta concluida no top25 auditado
feminino,ponta_direita,phase_3_wide_profiles,Lara Nascimento,23,10,25,top25_growth_wave_9_wide_loaded,Chloe Lacasse,external_audit_passed_promoted_to_shortlist,fifa_uefa_conmebol_transfermarkt_public_and_registered,combinacao de ponta concluida no top25 auditado
feminino,ponta_direita,phase_3_wide_profiles,Lara Nascimento,24,10,25,top25_growth_wave_9_wide_loaded,Kerstin Garefrekes,external_audit_passed_promoted_to_shortlist,fifa_uefa_conmebol_transfermarkt_public_and_registered,combinacao de ponta concluida no top25 auditado
feminino,ponta_direita,phase_3_wide_profiles,Lara Nascimento,25,10,25,top25_growth_wave_9_wide_loaded,Janni Thomsen,external_audit_passed_promoted_to_shortlist,fifa_uefa_conmebol_transfermarkt_public_and_registered,combinacao de ponta concluida no top25 auditado
feminino,ponta_esquerda,phase_3_wide_profiles,Lara Nascimento,11,10,25,top25_growth_wave_3_wide_loaded,Tobin Heath,external_audit_passed_promoted_to_shortlist,fifa_uefa_conmebol_transfermarkt_public_and_registered,continuar growth discovery complementar para aproximar a combinacao de 25 nomes auditados
feminino,ponta_esquerda,phase_3_wide_profiles,Lara Nascimento,12,10,25,top25_growth_wave_3_wide_loaded,Adriana,external_audit_passed_promoted_to_shortlist,fifa_uefa_conmebol_transfermarkt_public_and_registered,continuar growth discovery complementar para aproximar a combinacao de 25 nomes auditados
feminino,ponta_esquerda,phase_3_wide_profiles,Lara Nascimento,13,10,25,top25_growth_wave_3_wide_loaded,Melvine Malard,external_audit_passed_promoted_to_shortlist,fifa_uefa_conmebol_transfermarkt_public_and_registered,continuar growth discovery complementar para aproximar a combinacao de 25 nomes auditados
feminino,ponta_esquerda,phase_3_wide_profiles,Lara Nascimento,14,10,25,top25_growth_wave_3_wide_loaded,Athenea del Castillo,external_audit_passed_promoted_to_shortlist,fifa_uefa_conmebol_transfermarkt_public_and_registered,continuar growth discovery complementar para aproximar a combinacao de 25 nomes auditados
feminino,ponta_esquerda,phase_3_wide_profiles,Lara Nascimento,15,10,25,top25_growth_wave_3_wide_loaded,Rachel Daly,external_audit_passed_promoted_to_shortlist,fifa_uefa_conmebol_transfermarkt_public_and_registered,continuar growth discovery complementar para aproximar a combinacao de 25 nomes auditados
feminino,ponta_esquerda,phase_3_wide_profiles,Lara Nascimento,16,10,25,top25_growth_wave_8_wide_loaded,Leah Galton,external_audit_passed_promoted_to_shortlist,fifa_uefa_conmebol_transfermarkt_public_and_registered,continuar growth discovery complementar para fechar a combinacao no top25 auditado
feminino,ponta_esquerda,phase_3_wide_profiles,Lara Nascimento,17,10,25,top25_growth_wave_8_wide_loaded,Janine Beckie,external_audit_passed_promoted_to_shortlist,fifa_uefa_conmebol_transfermarkt_public_and_registered,continuar growth discovery complementar para fechar a combinacao no top25 auditado
feminino,ponta_esquerda,phase_3_wide_profiles,Lara Nascimento,18,10,25,top25_growth_wave_8_wide_loaded,Barbara Dunst,external_audit_passed_promoted_to_shortlist,fifa_uefa_conmebol_transfermarkt_public_and_registered,continuar growth discovery complementar para fechar a combinacao no top25 auditado
feminino,ponta_esquerda,phase_3_wide_profiles,Lara Nascimento,19,10,25,top25_growth_wave_8_wide_loaded,Ana Borges,external_audit_passed_promoted_to_shortlist,fifa_uefa_conmebol_transfermarkt_public_and_registered,continuar growth discovery complementar para fechar a combinacao no top25 auditado
feminino,ponta_esquerda,phase_3_wide_profiles,Lara Nascimento,20,10,25,top25_growth_wave_8_wide_loaded,Caitlin Foord,external_audit_passed_promoted_to_shortlist,fifa_uefa_conmebol_transfermarkt_public_and_registered,continuar growth discovery complementar para fechar a combinacao no top25 auditado
feminino,ponta_esquerda,phase_3_wide_profiles,Lara Nascimento,21,10,25,top25_growth_wave_9_wide_loaded,Lina Hurtig,external_audit_passed_promoted_to_shortlist,fifa_uefa_conmebol_transfermarkt_public_and_registered,combinacao de ponta concluida no top25 auditado
feminino,ponta_esquerda,phase_3_wide_profiles,Lara Nascimento,22,10,25,top25_growth_wave_9_wide_loaded,Yana Daniels,external_audit_passed_promoted_to_shortlist,fifa_uefa_conmebol_transfermarkt_public_and_registered,combinacao de ponta concluida no top25 auditado
feminino,ponta_esquerda,phase_3_wide_profiles,Lara Nascimento,23,10,25,top25_growth_wave_9_wide_loaded,Sveindis Jonsdottir,external_audit_passed_promoted_to_shortlist,fifa_uefa_conmebol_transfermarkt_public_and_registered,combinacao de ponta concluida no top25 auditado
feminino,ponta_esquerda,phase_3_wide_profiles,Lara Nascimento,24,10,25,top25_growth_wave_9_wide_loaded,Nicole Billa,external_audit_passed_promoted_to_shortlist,fifa_uefa_conmebol_transfermarkt_public_and_registered,combinacao de ponta concluida no top25 auditado
feminino,ponta_esquerda,phase_3_wide_profiles,Lara Nascimento,25,10,25,top25_growth_wave_9_wide_loaded,Caitlin Hayes,external_audit_passed_promoted_to_shortlist,fifa_uefa_conmebol_transfermarkt_public_and_registered,combinacao de ponta concluida no top25 auditado
feminino,segundo_atacante,phase_2_support_positions,Diego Torres,11,10,25,top25_growth_wave_2_support_loaded,Nicole Anyomi,external_audit_passed_promoted_to_shortlist,fifa_uefa_conmebol_transfermarkt_public_and_registered,continuar growth discovery complementar para aproximar a combinacao de 25 nomes auditados
feminino,segundo_atacante,phase_2_support_positions,Diego Torres,12,10,25,top25_growth_wave_2_support_loaded,Rasheedat Ajibade,external_audit_passed_promoted_to_shortlist,fifa_uefa_conmebol_transfermarkt_public_and_registered,continuar growth discovery complementar para aproximar a combinacao de 25 nomes auditados
feminino,segundo_atacante,phase_2_support_positions,Diego Torres,13,10,25,top25_growth_wave_2_support_loaded,Leah Galton,external_audit_passed_promoted_to_shortlist,fifa_uefa_conmebol_transfermarkt_public_and_registered,continuar growth discovery complementar para aproximar a combinacao de 25 nomes auditados
feminino,segundo_atacante,phase_2_support_positions,Diego Torres,14,10,25,top25_growth_wave_2_support_loaded,Cloe Lacasse,external_audit_passed_promoted_to_shortlist,fifa_uefa_conmebol_transfermarkt_public_and_registered,continuar growth discovery complementar para aproximar a combinacao de 25 nomes auditados
feminino,segundo_atacante,phase_2_support_positions,Diego Torres,15,10,25,top25_growth_wave_2_support_loaded,Manuela Giugliano,external_audit_passed_promoted_to_shortlist,fifa_uefa_conmebol_transfermarkt_public_and_registered,continuar growth discovery complementar para aproximar a combinacao de 25 nomes auditados
feminino,segundo_atacante,phase_2_support_positions,Diego Torres,16,10,25,top25_growth_wave_5_support_loaded,Klara Buhl,external_audit_passed_promoted_to_shortlist,fifa_uefa_conmebol_transfermarkt_public_and_registered,continuar growth discovery complementar para aproximar a combinacao de 25 nomes auditados
feminino,segundo_atacante,phase_2_support_positions,Diego Torres,17,10,25,top25_growth_wave_5_support_loaded,Celia Sasic,external_audit_passed_promoted_to_shortlist,fifa_uefa_conmebol_transfermarkt_public_and_registered,continuar growth discovery complementar para aproximar a combinacao de 25 nomes auditados
feminino,segundo_atacante,phase_2_support_positions,Diego Torres,18,10,25,top25_growth_wave_5_support_loaded,Anja Mittag,external_audit_passed_promoted_to_shortlist,fifa_uefa_conmebol_transfermarkt_public_and_registered,continuar growth discovery complementar para aproximar a combinacao de 25 nomes auditados
feminino,segundo_atacante,phase_2_support_positions,Diego Torres,19,10,25,top25_growth_wave_5_support_loaded,Svenja Huth,external_audit_passed_promoted_to_shortlist,fifa_uefa_conmebol_transfermarkt_public_and_registered,continuar growth discovery complementar para aproximar a combinacao de 25 nomes auditados
feminino,segundo_atacante,phase_2_support_positions,Diego Torres,20,10,25,top25_growth_wave_5_support_loaded,Ramona Bachmann,external_audit_passed_promoted_to_shortlist,fifa_uefa_conmebol_transfermarkt_public_and_registered,continuar growth discovery complementar para aproximar a combinacao de 25 nomes auditados
feminino,segundo_atacante,phase_2_support_positions,Diego Torres,21,10,25,top25_growth_wave_7_support_loaded,Christen Press,external_audit_passed_promoted_to_shortlist,fifa_uefa_conmebol_transfermarkt_public_and_registered,combinacao de apoio concluida no top25 auditado
feminino,segundo_atacante,phase_2_support_positions,Diego Torres,22,10,25,top25_growth_wave_7_support_loaded,Mana Iwabuchi,external_audit_passed_promoted_to_shortlist,fifa_uefa_conmebol_transfermarkt_public_and_registered,combinacao de apoio concluida no top25 auditado
feminino,segundo_atacante,phase_2_support_positions,Diego Torres,23,10,25,top25_growth_wave_7_support_loaded,Bethany Balcer,external_audit_passed_promoted_to_shortlist,fifa_uefa_conmebol_transfermarkt_public_and_registered,combinacao de apoio concluida no top25 auditado
feminino,segundo_atacante,phase_2_support_positions,Diego Torres,24,10,25,top25_growth_wave_7_support_loaded,Danielle Carter,external_audit_passed_promoted_to_shortlist,fifa_uefa_conmebol_transfermarkt_public_and_registered,combinacao de apoio concluida no top25 auditado
feminino,segundo_atacante,phase_2_support_positions,Diego Torres,25,10,25,top25_growth_wave_7_support_loaded,Madelen Janogy,external_audit_passed_promoted_to_shortlist,fifa_uefa_conmebol_transfermarkt_public_and_registered,combinacao de apoio concluida no top25 auditado
feminino,volante,phase_1_core_positions,Diego Torres,11,10,25,top25_growth_wave_1_core_loaded,Damaris Egurrola,external_audit_passed_promoted_to_shortlist,fifa_uefa_conmebol_transfermarkt_public_and_registered,continuar growth discovery complementar para aproximar a combinacao de 25 nomes auditados
feminino,volante,phase_1_core_positions,Diego Torres,12,10,25,top25_growth_wave_1_core_loaded,Teresa Abelleira,external_audit_passed_promoted_to_shortlist,fifa_uefa_conmebol_transfermarkt_public_and_registered,continuar growth discovery complementar para aproximar a combinacao de 25 nomes auditados
feminino,volante,phase_1_core_positions,Diego Torres,13,10,25,top25_growth_wave_1_core_loaded,Jill Scott,external_audit_passed_promoted_to_shortlist,fifa_uefa_conmebol_transfermarkt_public_and_registered,continuar growth discovery complementar para aproximar a combinacao de 25 nomes auditados
feminino,volante,phase_1_core_positions,Diego Torres,14,10,25,top25_growth_wave_1_core_loaded,Rebeca Bernal,external_audit_passed_promoted_to_shortlist,fifa_uefa_conmebol_transfermarkt_public_and_registered,continuar growth discovery complementar para aproximar a combinacao de 25 nomes auditados
feminino,volante,phase_1_core_positions,Diego Torres,15,10,25,top25_growth_wave_1_core_loaded,Sophie Ingle,external_audit_passed_promoted_to_shortlist,fifa_uefa_conmebol_transfermarkt_public_and_registered,continuar growth discovery complementar para aproximar a combinacao de 25 nomes auditados
feminino,volante,phase_1_core_positions,Diego Torres,16,10,25,top25_growth_wave_4_core_loaded,Desiree Scott,external_audit_passed_promoted_to_shortlist,fifa_uefa_conmebol_transfermarkt_public_and_registered,continuar growth discovery complementar para aproximar a combinacao de 25 nomes auditados
feminino,volante,phase_1_core_positions,Diego Torres,17,10,25,top25_growth_wave_4_core_loaded,Sara Bjork Gunnarsdottir,external_audit_passed_promoted_to_shortlist,fifa_uefa_conmebol_transfermarkt_public_and_registered,continuar growth discovery complementar para aproximar a combinacao de 25 nomes auditados
feminino,volante,phase_1_core_positions,Diego Torres,18,10,25,top25_growth_wave_4_core_loaded,Elin Rubensson,external_audit_passed_promoted_to_shortlist,fifa_uefa_conmebol_transfermarkt_public_and_registered,continuar growth discovery complementar para aproximar a combinacao de 25 nomes auditados
feminino,volante,phase_1_core_positions,Diego Torres,19,10,25,top25_growth_wave_4_core_loaded,Oriane Jean-Francois,external_audit_passed_promoted_to_shortlist,fifa_uefa_conmebol_transfermarkt_public_and_registered,continuar growth discovery complementar para aproximar a combinacao de 25 nomes auditados
feminino,volante,phase_1_core_positions,Diego Torres,20,10,25,top25_growth_wave_4_core_loaded,Janina Minge,external_audit_passed_promoted_to_shortlist,fifa_uefa_conmebol_transfermarkt_public_and_registered,continuar growth discovery complementar para aproximar a combinacao de 25 nomes auditados
feminino,volante,phase_1_core_positions,Diego Torres,21,10,25,top25_growth_wave_6_core_loaded,Denise O Sullivan,external_audit_passed_promoted_to_shortlist,fifa_uefa_conmebol_transfermarkt_public_and_registered,combinacao central concluida no top25 auditado
feminino,volante,phase_1_core_positions,Diego Torres,22,10,25,top25_growth_wave_6_core_loaded,Mariona Ortiz,external_audit_passed_promoted_to_shortlist,fifa_uefa_conmebol_transfermarkt_public_and_registered,combinacao central concluida no top25 auditado
feminino,volante,phase_1_core_positions,Diego Torres,23,10,25,top25_growth_wave_6_core_loaded,Kanako Momiki,external_audit_passed_promoted_to_shortlist,fifa_uefa_conmebol_transfermarkt_public_and_registered,combinacao central concluida no top25 auditado
feminino,volante,phase_1_core_positions,Diego Torres,24,10,25,top25_growth_wave_6_core_loaded,Charlotte Grant,external_audit_passed_promoted_to_shortlist,fifa_uefa_conmebol_transfermarkt_public_and_registered,combinacao central concluida no top25 auditado
feminino,volante,phase_1_core_positions,Diego Torres,25,10,25,top25_growth_wave_6_core_loaded,Ida Engvoll,external_audit_passed_promoted_to_shortlist,fifa_uefa_conmebol_transfermarkt_public_and_registered,combinacao central concluida no top25 auditado
feminino,zagueiro,phase_1_core_positions,Diego Torres,11,10,25,top25_growth_wave_1_core_loaded,Nilla Fischer,external_audit_passed_promoted_to_shortlist,fifa_uefa_conmebol_transfermarkt_public_and_registered,continuar growth discovery complementar para aproximar a combinacao de 25 nomes auditados
feminino,zagueiro,phase_1_core_positions,Diego Torres,12,10,25,top25_growth_wave_1_core_loaded,Steph Houghton,external_audit_passed_promoted_to_shortlist,fifa_uefa_conmebol_transfermarkt_public_and_registered,continuar growth discovery complementar para aproximar a combinacao de 25 nomes auditados
feminino,zagueiro,phase_1_core_positions,Diego Torres,13,10,25,top25_growth_wave_1_core_loaded,Naomi Girma,external_audit_passed_promoted_to_shortlist,fifa_uefa_conmebol_transfermarkt_public_and_registered,continuar growth discovery complementar para aproximar a combinacao de 25 nomes auditados
feminino,zagueiro,phase_1_core_positions,Diego Torres,14,10,25,top25_growth_wave_1_core_loaded,Amanda Ilestedt,external_audit_passed_promoted_to_shortlist,fifa_uefa_conmebol_transfermarkt_public_and_registered,continuar growth discovery complementar para aproximar a combinacao de 25 nomes auditados
feminino,zagueiro,phase_1_core_positions,Diego Torres,15,10,25,top25_growth_wave_1_core_loaded,Alanna Kennedy,external_audit_passed_promoted_to_shortlist,fifa_uefa_conmebol_transfermarkt_public_and_registered,continuar growth discovery complementar para aproximar a combinacao de 25 nomes auditados
feminino,zagueiro,phase_1_core_positions,Diego Torres,16,10,25,top25_growth_wave_4_core_loaded,Griedge Mbock,external_audit_passed_promoted_to_shortlist,fifa_uefa_conmebol_transfermarkt_public_and_registered,continuar growth discovery complementar para aproximar a combinacao de 25 nomes auditados
feminino,zagueiro,phase_1_core_positions,Diego Torres,17,10,25,top25_growth_wave_4_core_loaded,Abby Dahlkemper,external_audit_passed_promoted_to_shortlist,fifa_uefa_conmebol_transfermarkt_public_and_registered,continuar growth discovery complementar para aproximar a combinacao de 25 nomes auditados
feminino,zagueiro,phase_1_core_positions,Diego Torres,18,10,25,top25_growth_wave_4_core_loaded,Osinachi Ohale,external_audit_passed_promoted_to_shortlist,fifa_uefa_conmebol_transfermarkt_public_and_registered,continuar growth discovery complementar para aproximar a combinacao de 25 nomes auditados
feminino,zagueiro,phase_1_core_positions,Diego Torres,19,10,25,top25_growth_wave_4_core_loaded,Maelle Lakrar,external_audit_passed_promoted_to_shortlist,fifa_uefa_conmebol_transfermarkt_public_and_registered,continuar growth discovery complementar para aproximar a combinacao de 25 nomes auditados
feminino,zagueiro,phase_1_core_positions,Diego Torres,20,10,25,top25_growth_wave_4_core_loaded,Magdalena Eriksson,external_audit_passed_promoted_to_shortlist,fifa_uefa_conmebol_transfermarkt_public_and_registered,continuar growth discovery complementar para aproximar a combinacao de 25 nomes auditados
feminino,zagueiro,phase_1_core_positions,Diego Torres,21,10,25,top25_growth_wave_6_core_loaded,Alicia Altuve,external_audit_passed_promoted_to_shortlist,fifa_uefa_conmebol_transfermarkt_public_and_registered,combinacao central concluida no top25 auditado
feminino,zagueiro,phase_1_core_positions,Diego Torres,22,10,25,top25_growth_wave_6_core_loaded,Maya Le Tissier,external_audit_passed_promoted_to_shortlist,fifa_uefa_conmebol_transfermarkt_public_and_registered,combinacao central concluida no top25 auditado
feminino,zagueiro,phase_1_core_positions,Diego Torres,23,10,25,top25_growth_wave_6_core_loaded,Sara Doorsoun,external_audit_passed_promoted_to_shortlist,fifa_uefa_conmebol_transfermarkt_public_and_registered,combinacao central concluida no top25 auditado
feminino,zagueiro,phase_1_core_positions,Diego Torres,24,10,25,top25_growth_wave_6_core_loaded,Natalia Kuikka,external_audit_passed_promoted_to_shortlist,fifa_uefa_conmebol_transfermarkt_public_and_registered,combinacao central concluida no top25 auditado
feminino,zagueiro,phase_1_core_positions,Diego Torres,25,10,25,top25_growth_wave_6_core_loaded,Gabrielle George,external_audit_passed_promoted_to_shortlist,fifa_uefa_conmebol_transfermarkt_public_and_registered,combinacao central concluida no top25 auditado
masculino,centroavante,phase_1_core_positions,Diego Torres,11,10,25,top25_growth_wave_1_core_loaded,Gabriel Batistuta,external_audit_passed_promoted_to_shortlist,fifa_uefa_conmebol_transfermarkt_public_and_registered,continuar growth discovery complementar para aproximar a combinacao de 25 nomes auditados
masculino,centroavante,phase_1_core_positions,Diego Torres,12,10,25,top25_growth_wave_1_core_loaded,Alan Shearer,external_audit_passed_promoted_to_shortlist,fifa_uefa_conmebol_transfermarkt_public_and_registered,continuar growth discovery complementar para aproximar a combinacao de 25 nomes auditados
masculino,centroavante,phase_1_core_positions,Diego Torres,13,10,25,top25_growth_wave_1_core_loaded,Harry Kane,external_audit_passed_promoted_to_shortlist,fifa_uefa_conmebol_transfermarkt_public_and_registered,continuar growth discovery complementar para aproximar a combinacao de 25 nomes auditados
masculino,centroavante,phase_1_core_positions,Diego Torres,14,10,25,top25_growth_wave_1_core_loaded,Edinson Cavani,external_audit_passed_promoted_to_shortlist,fifa_uefa_conmebol_transfermarkt_public_and_registered,continuar growth discovery complementar para aproximar a combinacao de 25 nomes auditados
masculino,centroavante,phase_1_core_positions,Diego Torres,15,10,25,top25_growth_wave_1_core_loaded,Christian Vieri,external_audit_passed_promoted_to_shortlist,fifa_uefa_conmebol_transfermarkt_public_and_registered,continuar growth discovery complementar para aproximar a combinacao de 25 nomes auditados
masculino,centroavante,phase_1_core_positions,Diego Torres,16,10,25,top25_growth_wave_4_core_loaded,Hernan Crespo,external_audit_passed_promoted_to_shortlist,fifa_uefa_conmebol_transfermarkt_public_and_registered,continuar growth discovery complementar para aproximar a combinacao de 25 nomes auditados
masculino,centroavante,phase_1_core_positions,Diego Torres,17,10,25,top25_growth_wave_4_core_loaded,Robin van Persie,external_audit_passed_promoted_to_shortlist,fifa_uefa_conmebol_transfermarkt_public_and_registered,continuar growth discovery complementar para aproximar a combinacao de 25 nomes auditados
masculino,centroavante,phase_1_core_positions,Diego Torres,18,10,25,top25_growth_wave_4_core_loaded,Miroslav Klose,external_audit_passed_promoted_to_shortlist,fifa_uefa_conmebol_transfermarkt_public_and_registered,continuar growth discovery complementar para aproximar a combinacao de 25 nomes auditados
masculino,centroavante,phase_1_core_positions,Diego Torres,19,10,25,top25_growth_wave_4_core_loaded,David Villa,external_audit_passed_promoted_to_shortlist,fifa_uefa_conmebol_transfermarkt_public_and_registered,continuar growth discovery complementar para aproximar a combinacao de 25 nomes auditados
masculino,centroavante,phase_1_core_positions,Diego Torres,20,10,25,top25_growth_wave_4_core_loaded,Pierre-Emerick Aubameyang,external_audit_passed_promoted_to_shortlist,fifa_uefa_conmebol_transfermarkt_public_and_registered,continuar growth discovery complementar para aproximar a combinacao de 25 nomes auditados
masculino,centroavante,phase_1_core_positions,Diego Torres,21,10,25,top25_growth_wave_6_core_loaded,Roberto Soldado,external_audit_passed_promoted_to_shortlist,fifa_uefa_conmebol_transfermarkt_public_and_registered,combinacao central concluida no top25 auditado
masculino,centroavante,phase_1_core_positions,Diego Torres,22,10,25,top25_growth_wave_6_core_loaded,Diego Milito,external_audit_passed_promoted_to_shortlist,fifa_uefa_conmebol_transfermarkt_public_and_registered,combinacao central concluida no top25 auditado
masculino,centroavante,phase_1_core_positions,Diego Torres,23,10,25,top25_growth_wave_6_core_loaded,Gonzalo Higuain,external_audit_passed_promoted_to_shortlist,fifa_uefa_conmebol_transfermarkt_public_and_registered,combinacao central concluida no top25 auditado
masculino,centroavante,phase_1_core_positions,Diego Torres,24,10,25,top25_growth_wave_6_core_loaded,Fernando Torres,external_audit_passed_promoted_to_shortlist,fifa_uefa_conmebol_transfermarkt_public_and_registered,combinacao central concluida no top25 auditado
masculino,centroavante,phase_1_core_positions,Diego Torres,25,10,25,top25_growth_wave_6_core_loaded,Aleksandar Mitrovic,external_audit_passed_promoted_to_shortlist,fifa_uefa_conmebol_transfermarkt_public_and_registered,combinacao central concluida no top25 auditado
masculino,goleiro,phase_1_core_positions,Diego Torres,11,10,25,top25_growth_wave_1_core_loaded,Sepp Maier,external_audit_passed_promoted_to_shortlist,fifa_uefa_conmebol_transfermarkt_public_and_registered,continuar growth discovery complementar para aproximar a combinacao de 25 nomes auditados
masculino,goleiro,phase_1_core_positions,Diego Torres,12,10,25,top25_growth_wave_1_core_loaded,Jan Oblak,external_audit_passed_promoted_to_shortlist,fifa_uefa_conmebol_transfermarkt_public_and_registered,continuar growth discovery complementar para aproximar a combinacao de 25 nomes auditados
masculino,goleiro,phase_1_core_positions,Diego Torres,13,10,25,top25_growth_wave_1_core_loaded,David de Gea,external_audit_passed_promoted_to_shortlist,fifa_uefa_conmebol_transfermarkt_public_and_registered,continuar growth discovery complementar para aproximar a combinacao de 25 nomes auditados
masculino,goleiro,phase_1_core_positions,Diego Torres,14,10,25,top25_growth_wave_1_core_loaded,Claudio Taffarel,external_audit_passed_promoted_to_shortlist,fifa_uefa_conmebol_transfermarkt_public_and_registered,continuar growth discovery complementar para aproximar a combinacao de 25 nomes auditados
masculino,goleiro,phase_1_core_positions,Diego Torres,15,10,25,top25_growth_wave_1_core_loaded,Keylor Navas,external_audit_passed_promoted_to_shortlist,fifa_uefa_conmebol_transfermarkt_public_and_registered,continuar growth discovery complementar para aproximar a combinacao de 25 nomes auditados
masculino,goleiro,phase_1_core_positions,Diego Torres,16,10,25,top25_growth_wave_4_core_loaded,Walter Zenga,external_audit_passed_promoted_to_shortlist,fifa_uefa_conmebol_transfermarkt_public_and_registered,continuar growth discovery complementar para aproximar a combinacao de 25 nomes auditados
masculino,goleiro,phase_1_core_positions,Diego Torres,17,10,25,top25_growth_wave_4_core_loaded,Fabien Barthez,external_audit_passed_promoted_to_shortlist,fifa_uefa_conmebol_transfermarkt_public_and_registered,continuar growth discovery complementar para aproximar a combinacao de 25 nomes auditados
masculino,goleiro,phase_1_core_positions,Diego Torres,18,10,25,top25_growth_wave_4_core_loaded,Hugo Lloris,external_audit_passed_promoted_to_shortlist,fifa_uefa_conmebol_transfermarkt_public_and_registered,continuar growth discovery complementar para aproximar a combinacao de 25 nomes auditados
masculino,goleiro,phase_1_core_positions,Diego Torres,19,10,25,top25_growth_wave_4_core_loaded,Jose Luis Chilavert,external_audit_passed_promoted_to_shortlist,fifa_uefa_conmebol_transfermarkt_public_and_registered,continuar growth discovery complementar para aproximar a combinacao de 25 nomes auditados
masculino,goleiro,phase_1_core_positions,Diego Torres,20,10,25,top25_growth_wave_4_core_loaded,Victor Valdes,external_audit_passed_promoted_to_shortlist,fifa_uefa_conmebol_transfermarkt_public_and_registered,continuar growth discovery complementar para aproximar a combinacao de 25 nomes auditados
masculino,goleiro,phase_1_core_positions,Diego Torres,21,10,25,top25_growth_wave_6_core_loaded,Maignan Mike,external_audit_passed_promoted_to_shortlist,fifa_uefa_conmebol_transfermarkt_public_and_registered,combinacao central concluida no top25 auditado
masculino,goleiro,phase_1_core_positions,Diego Torres,22,10,25,top25_growth_wave_6_core_loaded,Marc-Andre ter Stegen,external_audit_passed_promoted_to_shortlist,fifa_uefa_conmebol_transfermarkt_public_and_registered,combinacao central concluida no top25 auditado
masculino,goleiro,phase_1_core_positions,Diego Torres,23,10,25,top25_growth_wave_6_core_loaded,Santiago Canizares,external_audit_passed_promoted_to_shortlist,fifa_uefa_conmebol_transfermarkt_public_and_registered,combinacao central concluida no top25 auditado
masculino,goleiro,phase_1_core_positions,Diego Torres,24,10,25,top25_growth_wave_6_core_loaded,Jens Lehmann,external_audit_passed_promoted_to_shortlist,fifa_uefa_conmebol_transfermarkt_public_and_registered,combinacao central concluida no top25 auditado
masculino,goleiro,phase_1_core_positions,Diego Torres,25,10,25,top25_growth_wave_6_core_loaded,Pepe Reina,external_audit_passed_promoted_to_shortlist,fifa_uefa_conmebol_transfermarkt_public_and_registered,combinacao central concluida no top25 auditado
masculino,lateral_direito,phase_2_support_positions,Helena Martins,11,10,25,top25_growth_wave_2_support_loaded,Branislav Ivanovic,external_audit_passed_promoted_to_shortlist,fifa_uefa_conmebol_transfermarkt_public_and_registered,continuar growth discovery complementar para aproximar a combinacao de 25 nomes auditados
masculino,lateral_direito,phase_2_support_positions,Helena Martins,12,10,25,top25_growth_wave_2_support_loaded,Lilian Thuram,external_audit_passed_promoted_to_shortlist,fifa_uefa_conmebol_transfermarkt_public_and_registered,continuar growth discovery complementar para aproximar a combinacao de 25 nomes auditados
masculino,lateral_direito,phase_2_support_positions,Helena Martins,13,10,25,top25_growth_wave_2_support_loaded,Jesus Navas,external_audit_passed_promoted_to_shortlist,fifa_uefa_conmebol_transfermarkt_public_and_registered,continuar growth discovery complementar para aproximar a combinacao de 25 nomes auditados
masculino,lateral_direito,phase_2_support_positions,Helena Martins,14,10,25,top25_growth_wave_2_support_loaded,Glen Johnson,external_audit_passed_promoted_to_shortlist,fifa_uefa_conmebol_transfermarkt_public_and_registered,continuar growth discovery complementar para aproximar a combinacao de 25 nomes auditados
masculino,lateral_direito,phase_2_support_positions,Helena Martins,15,10,25,top25_growth_wave_2_support_loaded,Danilo,external_audit_passed_promoted_to_shortlist,fifa_uefa_conmebol_transfermarkt_public_and_registered,continuar growth discovery complementar para aproximar a combinacao de 25 nomes auditados
masculino,lateral_direito,phase_2_support_positions,Helena Martins,16,10,25,top25_growth_wave_5_support_loaded,Reece James,external_audit_passed_promoted_to_shortlist,fifa_uefa_conmebol_transfermarkt_public_and_registered,continuar growth discovery complementar para aproximar a combinacao de 25 nomes auditados
masculino,lateral_direito,phase_2_support_positions,Helena Martins,17,10,25,top25_growth_wave_5_support_loaded,Benjamin Pavard,external_audit_passed_promoted_to_shortlist,fifa_uefa_conmebol_transfermarkt_public_and_registered,continuar growth discovery complementar para aproximar a combinacao de 25 nomes auditados
masculino,lateral_direito,phase_2_support_positions,Helena Martins,18,10,25,top25_growth_wave_5_support_loaded,Pablo Zabaleta,external_audit_passed_promoted_to_shortlist,fifa_uefa_conmebol_transfermarkt_public_and_registered,continuar growth discovery complementar para aproximar a combinacao de 25 nomes auditados
masculino,lateral_direito,phase_2_support_positions,Helena Martins,19,10,25,top25_growth_wave_5_support_loaded,Dan Petrescu,external_audit_passed_promoted_to_shortlist,fifa_uefa_conmebol_transfermarkt_public_and_registered,continuar growth discovery complementar para aproximar a combinacao de 25 nomes auditados
masculino,lateral_direito,phase_2_support_positions,Helena Martins,20,10,25,top25_growth_wave_5_support_loaded,Cesar Azpilicueta,external_audit_passed_promoted_to_shortlist,fifa_uefa_conmebol_transfermarkt_public_and_registered,continuar growth discovery complementar para aproximar a combinacao de 25 nomes auditados
masculino,lateral_direito,phase_2_support_positions,Helena Martins,21,10,25,top25_growth_wave_7_support_loaded,Emerson Royal,external_audit_passed_promoted_to_shortlist,fifa_uefa_conmebol_transfermarkt_public_and_registered,combinacao de apoio concluida no top25 auditado
masculino,lateral_direito,phase_2_support_positions,Helena Martins,22,10,25,top25_growth_wave_7_support_loaded,Jeremie Frimpong,external_audit_passed_promoted_to_shortlist,fifa_uefa_conmebol_transfermarkt_public_and_registered,combinacao de apoio concluida no top25 auditado
masculino,lateral_direito,phase_2_support_positions,Helena Martins,23,10,25,top25_growth_wave_7_support_loaded,Nelson Semedo,external_audit_passed_promoted_to_shortlist,fifa_uefa_conmebol_transfermarkt_public_and_registered,combinacao de apoio concluida no top25 auditado
masculino,lateral_direito,phase_2_support_positions,Helena Martins,24,10,25,top25_growth_wave_7_support_loaded,Daryl Janmaat,external_audit_passed_promoted_to_shortlist,fifa_uefa_conmebol_transfermarkt_public_and_registered,combinacao de apoio concluida no top25 auditado
masculino,lateral_direito,phase_2_support_positions,Helena Martins,25,10,25,top25_growth_wave_7_support_loaded,Hector Bellerin,external_audit_passed_promoted_to_shortlist,fifa_uefa_conmebol_transfermarkt_public_and_registered,combinacao de apoio concluida no top25 auditado
masculino,lateral_esquerdo,phase_2_support_positions,Helena Martins,11,10,25,top25_growth_wave_2_support_loaded,Denis Irwin,external_audit_passed_promoted_to_shortlist,fifa_uefa_conmebol_transfermarkt_public_and_registered,continuar growth discovery complementar para aproximar a combinacao de 25 nomes auditados
masculino,lateral_esquerdo,phase_2_support_positions,Helena Martins,12,10,25,top25_growth_wave_2_support_loaded,Maxwell,external_audit_passed_promoted_to_shortlist,fifa_uefa_conmebol_transfermarkt_public_and_registered,continuar growth discovery complementar para aproximar a combinacao de 25 nomes auditados
masculino,lateral_esquerdo,phase_2_support_positions,Helena Martins,13,10,25,top25_growth_wave_2_support_loaded,Eric Abidal,external_audit_passed_promoted_to_shortlist,fifa_uefa_conmebol_transfermarkt_public_and_registered,continuar growth discovery complementar para aproximar a combinacao de 25 nomes auditados
masculino,lateral_esquerdo,phase_2_support_positions,Helena Martins,14,10,25,top25_growth_wave_2_support_loaded,Leighton Baines,external_audit_passed_promoted_to_shortlist,fifa_uefa_conmebol_transfermarkt_public_and_registered,continuar growth discovery complementar para aproximar a combinacao de 25 nomes auditados
masculino,lateral_esquerdo,phase_2_support_positions,Helena Martins,15,10,25,top25_growth_wave_2_support_loaded,Gianluca Zambrotta,external_audit_passed_promoted_to_shortlist,fifa_uefa_conmebol_transfermarkt_public_and_registered,continuar growth discovery complementar para aproximar a combinacao de 25 nomes auditados
masculino,lateral_esquerdo,phase_2_support_positions,Helena Martins,16,10,25,top25_growth_wave_5_support_loaded,Fabio Grosso,external_audit_passed_promoted_to_shortlist,fifa_uefa_conmebol_transfermarkt_public_and_registered,continuar growth discovery complementar para aproximar a combinacao de 25 nomes auditados
masculino,lateral_esquerdo,phase_2_support_positions,Helena Martins,17,10,25,top25_growth_wave_5_support_loaded,Gael Clichy,external_audit_passed_promoted_to_shortlist,fifa_uefa_conmebol_transfermarkt_public_and_registered,continuar growth discovery complementar para aproximar a combinacao de 25 nomes auditados
masculino,lateral_esquerdo,phase_2_support_positions,Helena Martins,18,10,25,top25_growth_wave_5_support_loaded,Alex Sandro,external_audit_passed_promoted_to_shortlist,fifa_uefa_conmebol_transfermarkt_public_and_registered,continuar growth discovery complementar para aproximar a combinacao de 25 nomes auditados
masculino,lateral_esquerdo,phase_2_support_positions,Helena Martins,19,10,25,top25_growth_wave_5_support_loaded,Lucas Digne,external_audit_passed_promoted_to_shortlist,fifa_uefa_conmebol_transfermarkt_public_and_registered,continuar growth discovery complementar para aproximar a combinacao de 25 nomes auditados
masculino,lateral_esquerdo,phase_2_support_positions,Helena Martins,20,10,25,top25_growth_wave_5_support_loaded,Joan Capdevila,external_audit_passed_promoted_to_shortlist,fifa_uefa_conmebol_transfermarkt_public_and_registered,continuar growth discovery complementar para aproximar a combinacao de 25 nomes auditados
masculino,lateral_esquerdo,phase_2_support_positions,Helena Martins,21,10,25,top25_growth_wave_7_support_loaded,Ben Chilwell,external_audit_passed_promoted_to_shortlist,fifa_uefa_conmebol_transfermarkt_public_and_registered,combinacao de apoio concluida no top25 auditado
masculino,lateral_esquerdo,phase_2_support_positions,Helena Martins,22,10,25,top25_growth_wave_7_support_loaded,David Raum,external_audit_passed_promoted_to_shortlist,fifa_uefa_conmebol_transfermarkt_public_and_registered,combinacao de apoio concluida no top25 auditado
masculino,lateral_esquerdo,phase_2_support_positions,Helena Martins,23,10,25,top25_growth_wave_7_support_loaded,Nuno Mendes,external_audit_passed_promoted_to_shortlist,fifa_uefa_conmebol_transfermarkt_public_and_registered,combinacao de apoio concluida no top25 auditado
masculino,lateral_esquerdo,phase_2_support_positions,Helena Martins,24,10,25,top25_growth_wave_7_support_loaded,Marcos Acuna,external_audit_passed_promoted_to_shortlist,fifa_uefa_conmebol_transfermarkt_public_and_registered,combinacao de apoio concluida no top25 auditado
masculino,lateral_esquerdo,phase_2_support_positions,Helena Martins,25,10,25,top25_growth_wave_7_support_loaded,Alberto Moreno,external_audit_passed_promoted_to_shortlist,fifa_uefa_conmebol_transfermarkt_public_and_registered,combinacao de apoio concluida no top25 auditado
masculino,meia_central,phase_2_support_positions,Lara Nascimento,11,10,25,top25_growth_wave_2_support_loaded,Cesc Fabregas,external_audit_passed_promoted_to_shortlist,fifa_uefa_conmebol_transfermarkt_public_and_registered,continuar growth discovery complementar para aproximar a combinacao de 25 nomes auditados
masculino,meia_central,phase_2_support_positions,Lara Nascimento,12,10,25,top25_growth_wave_2_support_loaded,Michael Ballack,external_audit_passed_promoted_to_shortlist,fifa_uefa_conmebol_transfermarkt_public_and_registered,continuar growth discovery complementar para aproximar a combinacao de 25 nomes auditados
masculino,meia_central,phase_2_support_positions,Lara Nascimento,13,10,25,top25_growth_wave_2_support_loaded,Yaya Toure,external_audit_passed_promoted_to_shortlist,fifa_uefa_conmebol_transfermarkt_public_and_registered,continuar growth discovery complementar para aproximar a combinacao de 25 nomes auditados
masculino,meia_central,phase_2_support_positions,Lara Nascimento,14,10,25,top25_growth_wave_2_support_loaded,Thiago Alcantara,external_audit_passed_promoted_to_shortlist,fifa_uefa_conmebol_transfermarkt_public_and_registered,continuar growth discovery complementar para aproximar a combinacao de 25 nomes auditados
masculino,meia_central,phase_2_support_positions,Lara Nascimento,15,10,25,top25_growth_wave_2_support_loaded,Ruben Neves,external_audit_passed_promoted_to_shortlist,fifa_uefa_conmebol_transfermarkt_public_and_registered,continuar growth discovery complementar para aproximar a combinacao de 25 nomes auditados
masculino,meia_central,phase_2_support_positions,Lara Nascimento,16,10,25,top25_growth_wave_5_support_loaded,Deco,external_audit_passed_promoted_to_shortlist,fifa_uefa_conmebol_transfermarkt_public_and_registered,continuar growth discovery complementar para aproximar a combinacao de 25 nomes auditados
masculino,meia_central,phase_2_support_positions,Lara Nascimento,17,10,25,top25_growth_wave_5_support_loaded,Ivan Rakitic,external_audit_passed_promoted_to_shortlist,fifa_uefa_conmebol_transfermarkt_public_and_registered,continuar growth discovery complementar para aproximar a combinacao de 25 nomes auditados
masculino,meia_central,phase_2_support_positions,Lara Nascimento,18,10,25,top25_growth_wave_5_support_loaded,Miralem Pjanic,external_audit_passed_promoted_to_shortlist,fifa_uefa_conmebol_transfermarkt_public_and_registered,continuar growth discovery complementar para aproximar a combinacao de 25 nomes auditados
masculino,meia_central,phase_2_support_positions,Lara Nascimento,19,10,25,top25_growth_wave_5_support_loaded,Arturo Vidal,external_audit_passed_promoted_to_shortlist,fifa_uefa_conmebol_transfermarkt_public_and_registered,continuar growth discovery complementar para aproximar a combinacao de 25 nomes auditados
masculino,meia_central,phase_2_support_positions,Lara Nascimento,20,10,25,top25_growth_wave_5_support_loaded,Jorginho,external_audit_passed_promoted_to_shortlist,fifa_uefa_conmebol_transfermarkt_public_and_registered,continuar growth discovery complementar para aproximar a combinacao de 25 nomes auditados
masculino,meia_central,phase_2_support_positions,Lara Nascimento,21,10,25,top25_growth_wave_7_support_loaded,Marco Verratti,external_audit_passed_promoted_to_shortlist,fifa_uefa_conmebol_transfermarkt_public_and_registered,combinacao de apoio concluida no top25 auditado
masculino,meia_central,phase_2_support_positions,Lara Nascimento,22,10,25,top25_growth_wave_7_support_loaded,Granit Xhaka,external_audit_passed_promoted_to_shortlist,fifa_uefa_conmebol_transfermarkt_public_and_registered,combinacao de apoio concluida no top25 auditado
masculino,meia_central,phase_2_support_positions,Lara Nascimento,23,10,25,top25_growth_wave_7_support_loaded,Bruno Guimaraes,external_audit_passed_promoted_to_shortlist,fifa_uefa_conmebol_transfermarkt_public_and_registered,combinacao de apoio concluida no top25 auditado
masculino,meia_central,phase_2_support_positions,Lara Nascimento,24,10,25,top25_growth_wave_7_support_loaded,Leon Goretzka,external_audit_passed_promoted_to_shortlist,fifa_uefa_conmebol_transfermarkt_public_and_registered,combinacao de apoio concluida no top25 auditado
masculino,meia_central,phase_2_support_positions,Lara Nascimento,25,10,25,top25_growth_wave_7_support_loaded,Declan Rice,external_audit_passed_promoted_to_shortlist,fifa_uefa_conmebol_transfermarkt_public_and_registered,combinacao de apoio concluida no top25 auditado
masculino,meia_ofensivo,phase_1_core_positions,Lara Nascimento,11,10,25,top25_growth_wave_1_core_loaded,Rivaldo,external_audit_passed_promoted_to_shortlist,fifa_uefa_conmebol_transfermarkt_public_and_registered,continuar growth discovery complementar para aproximar a combinacao de 25 nomes auditados
masculino,meia_ofensivo,phase_1_core_positions,Lara Nascimento,12,10,25,top25_growth_wave_1_core_loaded,Michael Laudrup,external_audit_passed_promoted_to_shortlist,fifa_uefa_conmebol_transfermarkt_public_and_registered,continuar growth discovery complementar para aproximar a combinacao de 25 nomes auditados
masculino,meia_ofensivo,phase_1_core_positions,Lara Nascimento,13,10,25,top25_growth_wave_1_core_loaded,Gheorghe Hagi,external_audit_passed_promoted_to_shortlist,fifa_uefa_conmebol_transfermarkt_public_and_registered,continuar growth discovery complementar para aproximar a combinacao de 25 nomes auditados
masculino,meia_ofensivo,phase_1_core_positions,Lara Nascimento,14,10,25,top25_growth_wave_1_core_loaded,Rui Costa,external_audit_passed_promoted_to_shortlist,fifa_uefa_conmebol_transfermarkt_public_and_registered,continuar growth discovery complementar para aproximar a combinacao de 25 nomes auditados
masculino,meia_ofensivo,phase_1_core_positions,Lara Nascimento,15,10,25,top25_growth_wave_1_core_loaded,Juninho Pernambucano,external_audit_passed_promoted_to_shortlist,fifa_uefa_conmebol_transfermarkt_public_and_registered,continuar growth discovery complementar para aproximar a combinacao de 25 nomes auditados
masculino,meia_ofensivo,phase_1_core_positions,Lara Nascimento,16,10,25,top25_growth_wave_4_core_loaded,Wesley Sneijder,external_audit_passed_promoted_to_shortlist,fifa_uefa_conmebol_transfermarkt_public_and_registered,continuar growth discovery complementar para aproximar a combinacao de 25 nomes auditados
masculino,meia_ofensivo,phase_1_core_positions,Lara Nascimento,17,10,25,top25_growth_wave_4_core_loaded,James Rodriguez,external_audit_passed_promoted_to_shortlist,fifa_uefa_conmebol_transfermarkt_public_and_registered,continuar growth discovery complementar para aproximar a combinacao de 25 nomes auditados
masculino,meia_ofensivo,phase_1_core_positions,Lara Nascimento,18,10,25,top25_growth_wave_4_core_loaded,Pablo Aimar,external_audit_passed_promoted_to_shortlist,fifa_uefa_conmebol_transfermarkt_public_and_registered,continuar growth discovery complementar para aproximar a combinacao de 25 nomes auditados
masculino,meia_ofensivo,phase_1_core_positions,Lara Nascimento,19,10,25,top25_growth_wave_4_core_loaded,Hakan Calhanoglu,external_audit_passed_promoted_to_shortlist,fifa_uefa_conmebol_transfermarkt_public_and_registered,continuar growth discovery complementar para aproximar a combinacao de 25 nomes auditados
masculino,meia_ofensivo,phase_1_core_positions,Lara Nascimento,20,10,25,top25_growth_wave_4_core_loaded,Tomas Rosicky,external_audit_passed_promoted_to_shortlist,fifa_uefa_conmebol_transfermarkt_public_and_registered,continuar growth discovery complementar para aproximar a combinacao de 25 nomes auditados
masculino,meia_ofensivo,phase_1_core_positions,Lara Nascimento,21,10,25,top25_growth_wave_6_core_loaded,Santi Cazorla,external_audit_passed_promoted_to_shortlist,fifa_uefa_conmebol_transfermarkt_public_and_registered,combinacao central concluida no top25 auditado
masculino,meia_ofensivo,phase_1_core_positions,Lara Nascimento,22,10,25,top25_growth_wave_6_core_loaded,Mesut Ozil II,external_audit_passed_promoted_to_shortlist,fifa_uefa_conmebol_transfermarkt_public_and_registered,combinacao central concluida no top25 auditado
masculino,meia_ofensivo,phase_1_core_positions,Lara Nascimento,23,10,25,top25_growth_wave_6_core_loaded,Angel Correa,external_audit_passed_promoted_to_shortlist,fifa_uefa_conmebol_transfermarkt_public_and_registered,combinacao central concluida no top25 auditado
masculino,meia_ofensivo,phase_1_core_positions,Lara Nascimento,24,10,25,top25_growth_wave_6_core_loaded,Ilkay Gundogan,external_audit_passed_promoted_to_shortlist,fifa_uefa_conmebol_transfermarkt_public_and_registered,combinacao central concluida no top25 auditado
masculino,meia_ofensivo,phase_1_core_positions,Lara Nascimento,25,10,25,top25_growth_wave_6_core_loaded,Jamal Musiala,external_audit_passed_promoted_to_shortlist,fifa_uefa_conmebol_transfermarkt_public_and_registered,combinacao central concluida no top25 auditado
masculino,ponta_direita,phase_3_wide_profiles,Lara Nascimento,11,10,25,top25_growth_wave_3_wide_loaded,Pedro Neto,external_audit_passed_promoted_to_shortlist,fifa_uefa_conmebol_transfermarkt_public_and_registered,continuar growth discovery complementar para aproximar a combinacao de 25 nomes auditados
masculino,ponta_direita,phase_3_wide_profiles,Lara Nascimento,12,10,25,top25_growth_wave_3_wide_loaded,Ousmane Dembele,external_audit_passed_promoted_to_shortlist,fifa_uefa_conmebol_transfermarkt_public_and_registered,continuar growth discovery complementar para aproximar a combinacao de 25 nomes auditados
masculino,ponta_direita,phase_3_wide_profiles,Lara Nascimento,13,10,25,top25_growth_wave_3_wide_loaded,Joaquin,external_audit_passed_promoted_to_shortlist,fifa_uefa_conmebol_transfermarkt_public_and_registered,continuar growth discovery complementar para aproximar a combinacao de 25 nomes auditados
masculino,ponta_direita,phase_3_wide_profiles,Lara Nascimento,14,10,25,top25_growth_wave_3_wide_loaded,Nani,external_audit_passed_promoted_to_shortlist,fifa_uefa_conmebol_transfermarkt_public_and_registered,continuar growth discovery complementar para aproximar a combinacao de 25 nomes auditados
masculino,ponta_direita,phase_3_wide_profiles,Lara Nascimento,15,10,25,top25_growth_wave_3_wide_loaded,Jarrod Bowen,external_audit_passed_promoted_to_shortlist,fifa_uefa_conmebol_transfermarkt_public_and_registered,continuar growth discovery complementar para aproximar a combinacao de 25 nomes auditados
masculino,ponta_direita,phase_3_wide_profiles,Lara Nascimento,16,10,25,top25_growth_wave_8_wide_loaded,Moussa Diaby,external_audit_passed_promoted_to_shortlist,fifa_uefa_conmebol_transfermarkt_public_and_registered,continuar growth discovery complementar para fechar a combinacao no top25 auditado
masculino,ponta_direita,phase_3_wide_profiles,Lara Nascimento,17,10,25,top25_growth_wave_8_wide_loaded,Dejan Kulusevski,external_audit_passed_promoted_to_shortlist,fifa_uefa_conmebol_transfermarkt_public_and_registered,continuar growth discovery complementar para fechar a combinacao no top25 auditado
masculino,ponta_direita,phase_3_wide_profiles,Lara Nascimento,18,10,25,top25_growth_wave_8_wide_loaded,Federico Chiesa,external_audit_passed_promoted_to_shortlist,fifa_uefa_conmebol_transfermarkt_public_and_registered,continuar growth discovery complementar para fechar a combinacao no top25 auditado
masculino,ponta_direita,phase_3_wide_profiles,Lara Nascimento,19,10,25,top25_growth_wave_8_wide_loaded,Samuel Chukwueze,external_audit_passed_promoted_to_shortlist,fifa_uefa_conmebol_transfermarkt_public_and_registered,continuar growth discovery complementar para fechar a combinacao no top25 auditado
masculino,ponta_direita,phase_3_wide_profiles,Lara Nascimento,20,10,25,top25_growth_wave_8_wide_loaded,Takefusa Kubo,external_audit_passed_promoted_to_shortlist,fifa_uefa_conmebol_transfermarkt_public_and_registered,continuar growth discovery complementar para fechar a combinacao no top25 auditado
masculino,ponta_direita,phase_3_wide_profiles,Lara Nascimento,21,10,25,top25_growth_wave_9_wide_loaded,Cole Palmer,external_audit_passed_promoted_to_shortlist,fifa_uefa_conmebol_transfermarkt_public_and_registered,combinacao de ponta concluida no top25 auditado
masculino,ponta_direita,phase_3_wide_profiles,Lara Nascimento,22,10,25,top25_growth_wave_9_wide_loaded,Raphinha,external_audit_passed_promoted_to_shortlist,fifa_uefa_conmebol_transfermarkt_public_and_registered,combinacao de ponta concluida no top25 auditado
masculino,ponta_direita,phase_3_wide_profiles,Lara Nascimento,23,10,25,top25_growth_wave_9_wide_loaded,Theo Walcott,external_audit_passed_promoted_to_shortlist,fifa_uefa_conmebol_transfermarkt_public_and_registered,combinacao de ponta concluida no top25 auditado
masculino,ponta_direita,phase_3_wide_profiles,Lara Nascimento,24,10,25,top25_growth_wave_9_wide_loaded,Xherdan Shaqiri,external_audit_passed_promoted_to_shortlist,fifa_uefa_conmebol_transfermarkt_public_and_registered,combinacao de ponta concluida no top25 auditado
masculino,ponta_direita,phase_3_wide_profiles,Lara Nascimento,25,10,25,top25_growth_wave_9_wide_loaded,Hatem Ben Arfa,external_audit_passed_promoted_to_shortlist,fifa_uefa_conmebol_transfermarkt_public_and_registered,combinacao de ponta concluida no top25 auditado
masculino,ponta_esquerda,phase_3_wide_profiles,Lara Nascimento,11,10,25,top25_growth_wave_3_wide_loaded,Alexis Sanchez,external_audit_passed_promoted_to_shortlist,fifa_uefa_conmebol_transfermarkt_public_and_registered,continuar growth discovery complementar para aproximar a combinacao de 25 nomes auditados
masculino,ponta_esquerda,phase_3_wide_profiles,Lara Nascimento,12,10,25,top25_growth_wave_3_wide_loaded,Kingsley Coman,external_audit_passed_promoted_to_shortlist,fifa_uefa_conmebol_transfermarkt_public_and_registered,continuar growth discovery complementar para aproximar a combinacao de 25 nomes auditados
masculino,ponta_esquerda,phase_3_wide_profiles,Lara Nascimento,13,10,25,top25_growth_wave_3_wide_loaded,Hirving Lozano,external_audit_passed_promoted_to_shortlist,fifa_uefa_conmebol_transfermarkt_public_and_registered,continuar growth discovery complementar para aproximar a combinacao de 25 nomes auditados
masculino,ponta_esquerda,phase_3_wide_profiles,Lara Nascimento,14,10,25,top25_growth_wave_3_wide_loaded,Allan Saint-Maximin,external_audit_passed_promoted_to_shortlist,fifa_uefa_conmebol_transfermarkt_public_and_registered,continuar growth discovery complementar para aproximar a combinacao de 25 nomes auditados
masculino,ponta_esquerda,phase_3_wide_profiles,Lara Nascimento,15,10,25,top25_growth_wave_3_wide_loaded,Ansu Fati,external_audit_passed_promoted_to_shortlist,fifa_uefa_conmebol_transfermarkt_public_and_registered,continuar growth discovery complementar para aproximar a combinacao de 25 nomes auditados
masculino,ponta_esquerda,phase_3_wide_profiles,Lara Nascimento,16,10,25,top25_growth_wave_8_wide_loaded,Jack Grealish,external_audit_passed_promoted_to_shortlist,fifa_uefa_conmebol_transfermarkt_public_and_registered,continuar growth discovery complementar para fechar a combinacao no top25 auditado
masculino,ponta_esquerda,phase_3_wide_profiles,Lara Nascimento,17,10,25,top25_growth_wave_8_wide_loaded,Marcus Rashford,external_audit_passed_promoted_to_shortlist,fifa_uefa_conmebol_transfermarkt_public_and_registered,continuar growth discovery complementar para fechar a combinacao no top25 auditado
masculino,ponta_esquerda,phase_3_wide_profiles,Lara Nascimento,18,10,25,top25_growth_wave_8_wide_loaded,Luis Diaz,external_audit_passed_promoted_to_shortlist,fifa_uefa_conmebol_transfermarkt_public_and_registered,continuar growth discovery complementar para fechar a combinacao no top25 auditado
masculino,ponta_esquerda,phase_3_wide_profiles,Lara Nascimento,19,10,25,top25_growth_wave_8_wide_loaded,Cody Gakpo,external_audit_passed_promoted_to_shortlist,fifa_uefa_conmebol_transfermarkt_public_and_registered,continuar growth discovery complementar para fechar a combinacao no top25 auditado
masculino,ponta_esquerda,phase_3_wide_profiles,Lara Nascimento,20,10,25,top25_growth_wave_8_wide_loaded,Nico Williams,external_audit_passed_promoted_to_shortlist,fifa_uefa_conmebol_transfermarkt_public_and_registered,continuar growth discovery complementar para fechar a combinacao no top25 auditado
masculino,ponta_esquerda,phase_3_wide_profiles,Lara Nascimento,21,10,25,top25_growth_wave_9_wide_loaded,Rafael Leao,external_audit_passed_promoted_to_shortlist,fifa_uefa_conmebol_transfermarkt_public_and_registered,combinacao de ponta concluida no top25 auditado
masculino,ponta_esquerda,phase_3_wide_profiles,Lara Nascimento,22,10,25,top25_growth_wave_9_wide_loaded,Wilfried Zaha,external_audit_passed_promoted_to_shortlist,fifa_uefa_conmebol_transfermarkt_public_and_registered,combinacao de ponta concluida no top25 auditado
masculino,ponta_esquerda,phase_3_wide_profiles,Lara Nascimento,23,10,25,top25_growth_wave_9_wide_loaded,Serge Gnabry,external_audit_passed_promoted_to_shortlist,fifa_uefa_conmebol_transfermarkt_public_and_registered,combinacao de ponta concluida no top25 auditado
masculino,ponta_esquerda,phase_3_wide_profiles,Lara Nascimento,24,10,25,top25_growth_wave_9_wide_loaded,Memphis Depay,external_audit_passed_promoted_to_shortlist,fifa_uefa_conmebol_transfermarkt_public_and_registered,combinacao de ponta concluida no top25 auditado
masculino,ponta_esquerda,phase_3_wide_profiles,Lara Nascimento,25,10,25,top25_growth_wave_9_wide_loaded,Harvey Barnes,external_audit_passed_promoted_to_shortlist,fifa_uefa_conmebol_transfermarkt_public_and_registered,combinacao de ponta concluida no top25 auditado
masculino,segundo_atacante,phase_2_support_positions,Diego Torres,11,10,25,top25_growth_wave_2_support_loaded,Raul,external_audit_passed_promoted_to_shortlist,fifa_uefa_conmebol_transfermarkt_public_and_registered,continuar growth discovery complementar para aproximar a combinacao de 25 nomes auditados
masculino,segundo_atacante,phase_2_support_positions,Diego Torres,12,10,25,top25_growth_wave_2_support_loaded,Eric Cantona,external_audit_passed_promoted_to_shortlist,fifa_uefa_conmebol_transfermarkt_public_and_registered,continuar growth discovery complementar para aproximar a combinacao de 25 nomes auditados
masculino,segundo_atacante,phase_2_support_positions,Diego Torres,13,10,25,top25_growth_wave_2_support_loaded,Gianfranco Zola,external_audit_passed_promoted_to_shortlist,fifa_uefa_conmebol_transfermarkt_public_and_registered,continuar growth discovery complementar para aproximar a combinacao de 25 nomes auditados
masculino,segundo_atacante,phase_2_support_positions,Diego Torres,14,10,25,top25_growth_wave_2_support_loaded,Emilio Butragueno,external_audit_passed_promoted_to_shortlist,fifa_uefa_conmebol_transfermarkt_public_and_registered,continuar growth discovery complementar para aproximar a combinacao de 25 nomes auditados
masculino,segundo_atacante,phase_2_support_positions,Diego Torres,15,10,25,top25_growth_wave_2_support_loaded,Teddy Sheringham,external_audit_passed_promoted_to_shortlist,fifa_uefa_conmebol_transfermarkt_public_and_registered,continuar growth discovery complementar para aproximar a combinacao de 25 nomes auditados
masculino,segundo_atacante,phase_2_support_positions,Diego Torres,16,10,25,top25_growth_wave_5_support_loaded,Roberto Firmino,external_audit_passed_promoted_to_shortlist,fifa_uefa_conmebol_transfermarkt_public_and_registered,continuar growth discovery complementar para aproximar a combinacao de 25 nomes auditados
masculino,segundo_atacante,phase_2_support_positions,Diego Torres,17,10,25,top25_growth_wave_5_support_loaded,Javier Saviola,external_audit_passed_promoted_to_shortlist,fifa_uefa_conmebol_transfermarkt_public_and_registered,continuar growth discovery complementar para aproximar a combinacao de 25 nomes auditados
masculino,segundo_atacante,phase_2_support_positions,Diego Torres,18,10,25,top25_growth_wave_5_support_loaded,Dries Mertens,external_audit_passed_promoted_to_shortlist,fifa_uefa_conmebol_transfermarkt_public_and_registered,continuar growth discovery complementar para aproximar a combinacao de 25 nomes auditados
masculino,segundo_atacante,phase_2_support_positions,Diego Torres,19,10,25,top25_growth_wave_5_support_loaded,Kevin Gameiro,external_audit_passed_promoted_to_shortlist,fifa_uefa_conmebol_transfermarkt_public_and_registered,continuar growth discovery complementar para aproximar a combinacao de 25 nomes auditados
masculino,segundo_atacante,phase_2_support_positions,Diego Torres,20,10,25,top25_growth_wave_5_support_loaded,Dimitar Berbatov,external_audit_passed_promoted_to_shortlist,fifa_uefa_conmebol_transfermarkt_public_and_registered,continuar growth discovery complementar para aproximar a combinacao de 25 nomes auditados
masculino,segundo_atacante,phase_2_support_positions,Diego Torres,21,10,25,top25_growth_wave_7_support_loaded,Philippe Coutinho,external_audit_passed_promoted_to_shortlist,fifa_uefa_conmebol_transfermarkt_public_and_registered,combinacao de apoio concluida no top25 auditado
masculino,segundo_atacante,phase_2_support_positions,Diego Torres,22,10,25,top25_growth_wave_7_support_loaded,Javier Pastore,external_audit_passed_promoted_to_shortlist,fifa_uefa_conmebol_transfermarkt_public_and_registered,combinacao de apoio concluida no top25 auditado
masculino,segundo_atacante,phase_2_support_positions,Diego Torres,23,10,25,top25_growth_wave_7_support_loaded,Marco Reus,external_audit_passed_promoted_to_shortlist,fifa_uefa_conmebol_transfermarkt_public_and_registered,combinacao de apoio concluida no top25 auditado
masculino,segundo_atacante,phase_2_support_positions,Diego Torres,24,10,25,top25_growth_wave_7_support_loaded,Julian Alvarez,external_audit_passed_promoted_to_shortlist,fifa_uefa_conmebol_transfermarkt_public_and_registered,combinacao de apoio concluida no top25 auditado
masculino,segundo_atacante,phase_2_support_positions,Diego Torres,25,10,25,top25_growth_wave_7_support_loaded,Ayoze Perez,external_audit_passed_promoted_to_shortlist,fifa_uefa_conmebol_transfermarkt_public_and_registered,combinacao de apoio concluida no top25 auditado
masculino,volante,phase_1_core_positions,Diego Torres,11,10,25,top25_growth_wave_1_core_loaded,Gennaro Gattuso,external_audit_passed_promoted_to_shortlist,fifa_uefa_conmebol_transfermarkt_public_and_registered,continuar growth discovery complementar para aproximar a combinacao de 25 nomes auditados
masculino,volante,phase_1_core_positions,Diego Torres,12,10,25,top25_growth_wave_1_core_loaded,Joshua Kimmich,external_audit_passed_promoted_to_shortlist,fifa_uefa_conmebol_transfermarkt_public_and_registered,continuar growth discovery complementar para aproximar a combinacao de 25 nomes auditados
masculino,volante,phase_1_core_positions,Diego Torres,13,10,25,top25_growth_wave_1_core_loaded,Javier Mascherano,external_audit_passed_promoted_to_shortlist,fifa_uefa_conmebol_transfermarkt_public_and_registered,continuar growth discovery complementar para aproximar a combinacao de 25 nomes auditados
masculino,volante,phase_1_core_positions,Diego Torres,14,10,25,top25_growth_wave_1_core_loaded,Dunga,external_audit_passed_promoted_to_shortlist,fifa_uefa_conmebol_transfermarkt_public_and_registered,continuar growth discovery complementar para aproximar a combinacao de 25 nomes auditados
masculino,volante,phase_1_core_positions,Diego Torres,15,10,25,top25_growth_wave_1_core_loaded,Daniele De Rossi,external_audit_passed_promoted_to_shortlist,fifa_uefa_conmebol_transfermarkt_public_and_registered,continuar growth discovery complementar para aproximar a combinacao de 25 nomes auditados
masculino,volante,phase_1_core_positions,Diego Torres,16,10,25,top25_growth_wave_4_core_loaded,Edgar Davids,external_audit_passed_promoted_to_shortlist,fifa_uefa_conmebol_transfermarkt_public_and_registered,continuar growth discovery complementar para aproximar a combinacao de 25 nomes auditados
masculino,volante,phase_1_core_positions,Diego Torres,17,10,25,top25_growth_wave_4_core_loaded,Esteban Cambiasso,external_audit_passed_promoted_to_shortlist,fifa_uefa_conmebol_transfermarkt_public_and_registered,continuar growth discovery complementar para aproximar a combinacao de 25 nomes auditados
masculino,volante,phase_1_core_positions,Diego Torres,18,10,25,top25_growth_wave_4_core_loaded,Michael Essien,external_audit_passed_promoted_to_shortlist,fifa_uefa_conmebol_transfermarkt_public_and_registered,continuar growth discovery complementar para aproximar a combinacao de 25 nomes auditados
masculino,volante,phase_1_core_positions,Diego Torres,19,10,25,top25_growth_wave_4_core_loaded,Fernandinho,external_audit_passed_promoted_to_shortlist,fifa_uefa_conmebol_transfermarkt_public_and_registered,continuar growth discovery complementar para aproximar a combinacao de 25 nomes auditados
masculino,volante,phase_1_core_positions,Diego Torres,20,10,25,top25_growth_wave_4_core_loaded,Nemanja Matic,external_audit_passed_promoted_to_shortlist,fifa_uefa_conmebol_transfermarkt_public_and_registered,continuar growth discovery complementar para aproximar a combinacao de 25 nomes auditados
masculino,volante,phase_1_core_positions,Diego Torres,21,10,25,top25_growth_wave_6_core_loaded,Ramires,external_audit_passed_promoted_to_shortlist,fifa_uefa_conmebol_transfermarkt_public_and_registered,combinacao central concluida no top25 auditado
masculino,volante,phase_1_core_positions,Diego Torres,22,10,25,top25_growth_wave_6_core_loaded,Sergi Roberto,external_audit_passed_promoted_to_shortlist,fifa_uefa_conmebol_transfermarkt_public_and_registered,combinacao central concluida no top25 auditado
masculino,volante,phase_1_core_positions,Diego Torres,23,10,25,top25_growth_wave_6_core_loaded,Mousa Dembele,external_audit_passed_promoted_to_shortlist,fifa_uefa_conmebol_transfermarkt_public_and_registered,combinacao central concluida no top25 auditado
masculino,volante,phase_1_core_positions,Diego Torres,24,10,25,top25_growth_wave_6_core_loaded,Blaise Matuidi,external_audit_passed_promoted_to_shortlist,fifa_uefa_conmebol_transfermarkt_public_and_registered,combinacao central concluida no top25 auditado
masculino,volante,phase_1_core_positions,Diego Torres,25,10,25,top25_growth_wave_6_core_loaded,Joao Palhinha,external_audit_passed_promoted_to_shortlist,fifa_uefa_conmebol_transfermarkt_public_and_registered,combinacao central concluida no top25 auditado
masculino,zagueiro,phase_1_core_positions,Diego Torres,11,10,25,top25_growth_wave_1_core_loaded,Jaap Stam,external_audit_passed_promoted_to_shortlist,fifa_uefa_conmebol_transfermarkt_public_and_registered,continuar growth discovery complementar para aproximar a combinacao de 25 nomes auditados
masculino,zagueiro,phase_1_core_positions,Diego Torres,12,10,25,top25_growth_wave_1_core_loaded,Marcel Desailly,external_audit_passed_promoted_to_shortlist,fifa_uefa_conmebol_transfermarkt_public_and_registered,continuar growth discovery complementar para aproximar a combinacao de 25 nomes auditados
masculino,zagueiro,phase_1_core_positions,Diego Torres,13,10,25,top25_growth_wave_1_core_loaded,Laurent Blanc,external_audit_passed_promoted_to_shortlist,fifa_uefa_conmebol_transfermarkt_public_and_registered,continuar growth discovery complementar para aproximar a combinacao de 25 nomes auditados
masculino,zagueiro,phase_1_core_positions,Diego Torres,14,10,25,top25_growth_wave_1_core_loaded,Ronald Koeman,external_audit_passed_promoted_to_shortlist,fifa_uefa_conmebol_transfermarkt_public_and_registered,continuar growth discovery complementar para aproximar a combinacao de 25 nomes auditados
masculino,zagueiro,phase_1_core_positions,Diego Torres,15,10,25,top25_growth_wave_1_core_loaded,Giorgio Chiellini,external_audit_passed_promoted_to_shortlist,fifa_uefa_conmebol_transfermarkt_public_and_registered,continuar growth discovery complementar para aproximar a combinacao de 25 nomes auditados
masculino,zagueiro,phase_1_core_positions,Diego Torres,16,10,25,top25_growth_wave_4_core_loaded,Daniel Passarella,external_audit_passed_promoted_to_shortlist,fifa_uefa_conmebol_transfermarkt_public_and_registered,continuar growth discovery complementar para aproximar a combinacao de 25 nomes auditados
masculino,zagueiro,phase_1_core_positions,Diego Torres,17,10,25,top25_growth_wave_4_core_loaded,Walter Samuel,external_audit_passed_promoted_to_shortlist,fifa_uefa_conmebol_transfermarkt_public_and_registered,continuar growth discovery complementar para aproximar a combinacao de 25 nomes auditados
masculino,zagueiro,phase_1_core_positions,Diego Torres,18,10,25,top25_growth_wave_4_core_loaded,Sol Campbell,external_audit_passed_promoted_to_shortlist,fifa_uefa_conmebol_transfermarkt_public_and_registered,continuar growth discovery complementar para aproximar a combinacao de 25 nomes auditados
masculino,zagueiro,phase_1_core_positions,Diego Torres,19,10,25,top25_growth_wave_4_core_loaded,Ricardo Carvalho,external_audit_passed_promoted_to_shortlist,fifa_uefa_conmebol_transfermarkt_public_and_registered,continuar growth discovery complementar para aproximar a combinacao de 25 nomes auditados
masculino,zagueiro,phase_1_core_positions,Diego Torres,20,10,25,top25_growth_wave_4_core_loaded,Pepe,external_audit_passed_promoted_to_shortlist,fifa_uefa_conmebol_transfermarkt_public_and_registered,continuar growth discovery complementar para aproximar a combinacao de 25 nomes auditados
masculino,zagueiro,phase_1_core_positions,Diego Torres,21,10,25,top25_growth_wave_6_core_loaded,Lucio,external_audit_passed_promoted_to_shortlist,fifa_uefa_conmebol_transfermarkt_public_and_registered,combinacao central concluida no top25 auditado
masculino,zagueiro,phase_1_core_positions,Diego Torres,22,10,25,top25_growth_wave_6_core_loaded,Mats Hummels,external_audit_passed_promoted_to_shortlist,fifa_uefa_conmebol_transfermarkt_public_and_registered,combinacao central concluida no top25 auditado
masculino,zagueiro,phase_1_core_positions,Diego Torres,23,10,25,top25_growth_wave_6_core_loaded,Leonardo Bonucci,external_audit_passed_promoted_to_shortlist,fifa_uefa_conmebol_transfermarkt_public_and_registered,combinacao central concluida no top25 auditado
masculino,zagueiro,phase_1_core_positions,Diego Torres,24,10,25,top25_growth_wave_6_core_loaded,Diego Godin,external_audit_passed_promoted_to_shortlist,fifa_uefa_conmebol_transfermarkt_public_and_registered,combinacao central concluida no top25 auditado
masculino,zagueiro,phase_1_core_positions,Diego Torres,25,10,25,top25_growth_wave_6_core_loaded,Martin Skrtel,external_audit_passed_promoted_to_shortlist,fifa_uefa_conmebol_transfermarkt_public_and_registered,combinacao central concluida no top25 auditado
