competition_track,canonical_position_code,priority_block,owner,target_rank,growth_candidate_name,external_audit_status,approval_recommendation,audit_wave,next_action
feminino,centroavante,phase_1_core_positions,Diego Torres,11,Tessa Wullaert,external_audit_passed,approved_for_top25_growth_promotion,top25_growth_wave_1_core_external_audit,promover candidato para shortlist consolidada do top 25
feminino,centroavante,phase_1_core_positions,Diego Torres,12,Alexandra Popp,external_audit_passed,approved_for_top25_growth_promotion,top25_growth_wave_1_core_external_audit,promover candidato para shortlist consolidada do top 25
feminino,centroavante,phase_1_core_positions,Diego Torres,13,Cristiane,external_audit_passed,approved_for_top25_growth_promotion,top25_growth_wave_1_core_external_audit,promover candidato para shortlist consolidada do top 25
feminino,centroavante,phase_1_core_positions,Diego Torres,14,Khadija Shaw,external_audit_passed,approved_for_top25_growth_promotion,top25_growth_wave_1_core_external_audit,promover candidato para shortlist consolidada do top 25
feminino,centroavante,phase_1_core_positions,Diego Torres,15,Lotta Schelin,external_audit_passed,approved_for_top25_growth_promotion,top25_growth_wave_1_core_external_audit,promover candidato para shortlist consolidada do top 25
feminino,goleiro,phase_1_core_positions,Diego Torres,11,Sari van Veenendaal,external_audit_passed,approved_for_top25_growth_promotion,top25_growth_wave_1_core_external_audit,promover candidato para shortlist consolidada do top 25
feminino,goleiro,phase_1_core_positions,Diego Torres,12,Almuth Schult,external_audit_passed,approved_for_top25_growth_promotion,top25_growth_wave_1_core_external_audit,promover candidato para shortlist consolidada do top 25
feminino,goleiro,phase_1_core_positions,Diego Torres,13,Bente Nordby,external_audit_passed,approved_for_top25_growth_promotion,top25_growth_wave_1_core_external_audit,promover candidato para shortlist consolidada do top 25
feminino,goleiro,phase_1_core_positions,Diego Torres,14,Emma Byrne,external_audit_passed,approved_for_top25_growth_promotion,top25_growth_wave_1_core_external_audit,promover candidato para shortlist consolidada do top 25
feminino,goleiro,phase_1_core_positions,Diego Torres,15,Daphne van Domselaar,external_audit_passed,approved_for_top25_growth_promotion,top25_growth_wave_1_core_external_audit,promover candidato para shortlist consolidada do top 25
feminino,meia_ofensivo,phase_1_core_positions,Lara Nascimento,11,Amanda Gutierres,external_audit_passed,approved_for_top25_growth_promotion,top25_growth_wave_1_core_external_audit,promover candidato para shortlist consolidada do top 25
feminino,meia_ofensivo,phase_1_core_positions,Lara Nascimento,12,Melchie Dumornay,external_audit_passed,approved_for_top25_growth_promotion,top25_growth_wave_1_core_external_audit,promover candidato para shortlist consolidada do top 25
feminino,meia_ofensivo,phase_1_core_positions,Lara Nascimento,13,Carla Couto,external_audit_passed,approved_for_top25_growth_promotion,top25_growth_wave_1_core_external_audit,promover candidato para shortlist consolidada do top 25
feminino,meia_ofensivo,phase_1_core_positions,Lara Nascimento,14,Louisa Necib,external_audit_passed,approved_for_top25_growth_promotion,top25_growth_wave_1_core_external_audit,promover candidato para shortlist consolidada do top 25
feminino,meia_ofensivo,phase_1_core_positions,Lara Nascimento,15,Gaetane Thiney,external_audit_passed,approved_for_top25_growth_promotion,top25_growth_wave_1_core_external_audit,promover candidato para shortlist consolidada do top 25
feminino,volante,phase_1_core_positions,Diego Torres,11,Damaris Egurrola,external_audit_passed,approved_for_top25_growth_promotion,top25_growth_wave_1_core_external_audit,promover candidato para shortlist consolidada do top 25
feminino,volante,phase_1_core_positions,Diego Torres,12,Teresa Abelleira,external_audit_passed,approved_for_top25_growth_promotion,top25_growth_wave_1_core_external_audit,promover candidato para shortlist consolidada do top 25
feminino,volante,phase_1_core_positions,Diego Torres,13,Jill Scott,external_audit_passed,approved_for_top25_growth_promotion,top25_growth_wave_1_core_external_audit,promover candidato para shortlist consolidada do top 25
feminino,volante,phase_1_core_positions,Diego Torres,14,Rebeca Bernal,external_audit_passed,approved_for_top25_growth_promotion,top25_growth_wave_1_core_external_audit,promover candidato para shortlist consolidada do top 25
feminino,volante,phase_1_core_positions,Diego Torres,15,Sophie Ingle,external_audit_passed,approved_for_top25_growth_promotion,top25_growth_wave_1_core_external_audit,promover candidato para shortlist consolidada do top 25
feminino,zagueiro,phase_1_core_positions,Diego Torres,11,Nilla Fischer,external_audit_passed,approved_for_top25_growth_promotion,top25_growth_wave_1_core_external_audit,promover candidato para shortlist consolidada do top 25
feminino,zagueiro,phase_1_core_positions,Diego Torres,12,Steph Houghton,external_audit_passed,approved_for_top25_growth_promotion,top25_growth_wave_1_core_external_audit,promover candidato para shortlist consolidada do top 25
feminino,zagueiro,phase_1_core_positions,Diego Torres,13,Naomi Girma,external_audit_passed,approved_for_top25_growth_promotion,top25_growth_wave_1_core_external_audit,promover candidato para shortlist consolidada do top 25
feminino,zagueiro,phase_1_core_positions,Diego Torres,14,Amanda Ilestedt,external_audit_passed,approved_for_top25_growth_promotion,top25_growth_wave_1_core_external_audit,promover candidato para shortlist consolidada do top 25
feminino,zagueiro,phase_1_core_positions,Diego Torres,15,Alanna Kennedy,external_audit_passed,approved_for_top25_growth_promotion,top25_growth_wave_1_core_external_audit,promover candidato para shortlist consolidada do top 25
masculino,centroavante,phase_1_core_positions,Diego Torres,11,Gabriel Batistuta,external_audit_passed,approved_for_top25_growth_promotion,top25_growth_wave_1_core_external_audit,promover candidato para shortlist consolidada do top 25
masculino,centroavante,phase_1_core_positions,Diego Torres,12,Alan Shearer,external_audit_passed,approved_for_top25_growth_promotion,top25_growth_wave_1_core_external_audit,promover candidato para shortlist consolidada do top 25
masculino,centroavante,phase_1_core_positions,Diego Torres,13,Harry Kane,external_audit_passed,approved_for_top25_growth_promotion,top25_growth_wave_1_core_external_audit,promover candidato para shortlist consolidada do top 25
masculino,centroavante,phase_1_core_positions,Diego Torres,14,Edinson Cavani,external_audit_passed,approved_for_top25_growth_promotion,top25_growth_wave_1_core_external_audit,promover candidato para shortlist consolidada do top 25
masculino,centroavante,phase_1_core_positions,Diego Torres,15,Christian Vieri,external_audit_passed,approved_for_top25_growth_promotion,top25_growth_wave_1_core_external_audit,promover candidato para shortlist consolidada do top 25
masculino,goleiro,phase_1_core_positions,Diego Torres,11,Sepp Maier,external_audit_passed,approved_for_top25_growth_promotion,top25_growth_wave_1_core_external_audit,promover candidato para shortlist consolidada do top 25
masculino,goleiro,phase_1_core_positions,Diego Torres,12,Jan Oblak,external_audit_passed,approved_for_top25_growth_promotion,top25_growth_wave_1_core_external_audit,promover candidato para shortlist consolidada do top 25
masculino,goleiro,phase_1_core_positions,Diego Torres,13,David de Gea,external_audit_passed,approved_for_top25_growth_promotion,top25_growth_wave_1_core_external_audit,promover candidato para shortlist consolidada do top 25
masculino,goleiro,phase_1_core_positions,Diego Torres,14,Claudio Taffarel,external_audit_passed,approved_for_top25_growth_promotion,top25_growth_wave_1_core_external_audit,promover candidato para shortlist consolidada do top 25
masculino,goleiro,phase_1_core_positions,Diego Torres,15,Keylor Navas,external_audit_passed,approved_for_top25_growth_promotion,top25_growth_wave_1_core_external_audit,promover candidato para shortlist consolidada do top 25
masculino,meia_ofensivo,phase_1_core_positions,Lara Nascimento,11,Rivaldo,external_audit_passed,approved_for_top25_growth_promotion,top25_growth_wave_1_core_external_audit,promover candidato para shortlist consolidada do top 25
masculino,meia_ofensivo,phase_1_core_positions,Lara Nascimento,12,Michael Laudrup,external_audit_passed,approved_for_top25_growth_promotion,top25_growth_wave_1_core_external_audit,promover candidato para shortlist consolidada do top 25
masculino,meia_ofensivo,phase_1_core_positions,Lara Nascimento,13,Gheorghe Hagi,external_audit_passed,approved_for_top25_growth_promotion,top25_growth_wave_1_core_external_audit,promover candidato para shortlist consolidada do top 25
masculino,meia_ofensivo,phase_1_core_positions,Lara Nascimento,14,Rui Costa,external_audit_passed,approved_for_top25_growth_promotion,top25_growth_wave_1_core_external_audit,promover candidato para shortlist consolidada do top 25
masculino,meia_ofensivo,phase_1_core_positions,Lara Nascimento,15,Juninho Pernambucano,external_audit_passed,approved_for_top25_growth_promotion,top25_growth_wave_1_core_external_audit,promover candidato para shortlist consolidada do top 25
masculino,volante,phase_1_core_positions,Diego Torres,11,Gennaro Gattuso,external_audit_passed,approved_for_top25_growth_promotion,top25_growth_wave_1_core_external_audit,promover candidato para shortlist consolidada do top 25
masculino,volante,phase_1_core_positions,Diego Torres,12,Joshua Kimmich,external_audit_passed,approved_for_top25_growth_promotion,top25_growth_wave_1_core_external_audit,promover candidato para shortlist consolidada do top 25
masculino,volante,phase_1_core_positions,Diego Torres,13,Javier Mascherano,external_audit_passed,approved_for_top25_growth_promotion,top25_growth_wave_1_core_external_audit,promover candidato para shortlist consolidada do top 25
masculino,volante,phase_1_core_positions,Diego Torres,14,Dunga,external_audit_passed,approved_for_top25_growth_promotion,top25_growth_wave_1_core_external_audit,promover candidato para shortlist consolidada do top 25
masculino,volante,phase_1_core_positions,Diego Torres,15,Daniele De Rossi,external_audit_passed,approved_for_top25_growth_promotion,top25_growth_wave_1_core_external_audit,promover candidato para shortlist consolidada do top 25
masculino,zagueiro,phase_1_core_positions,Diego Torres,11,Jaap Stam,external_audit_passed,approved_for_top25_growth_promotion,top25_growth_wave_1_core_external_audit,promover candidato para shortlist consolidada do top 25
masculino,zagueiro,phase_1_core_positions,Diego Torres,12,Marcel Desailly,external_audit_passed,approved_for_top25_growth_promotion,top25_growth_wave_1_core_external_audit,promover candidato para shortlist consolidada do top 25
masculino,zagueiro,phase_1_core_positions,Diego Torres,13,Laurent Blanc,external_audit_passed,approved_for_top25_growth_promotion,top25_growth_wave_1_core_external_audit,promover candidato para shortlist consolidada do top 25
masculino,zagueiro,phase_1_core_positions,Diego Torres,14,Ronald Koeman,external_audit_passed,approved_for_top25_growth_promotion,top25_growth_wave_1_core_external_audit,promover candidato para shortlist consolidada do top 25
masculino,zagueiro,phase_1_core_positions,Diego Torres,15,Giorgio Chiellini,external_audit_passed,approved_for_top25_growth_promotion,top25_growth_wave_1_core_external_audit,promover candidato para shortlist consolidada do top 25
feminino,lateral_direito,phase_2_support_positions,Helena Martins,11,Hanna Glas,external_audit_passed,approved_for_top25_growth_promotion,top25_growth_wave_2_support_external_audit,promover candidato para shortlist consolidada do top 25
feminino,lateral_direito,phase_2_support_positions,Helena Martins,12,Ashleigh Neville,external_audit_passed,approved_for_top25_growth_promotion,top25_growth_wave_2_support_external_audit,promover candidato para shortlist consolidada do top 25
feminino,lateral_direito,phase_2_support_positions,Helena Martins,13,Nicoline Sorensen,external_audit_passed,approved_for_top25_growth_promotion,top25_growth_wave_2_support_external_audit,promover candidato para shortlist consolidada do top 25
feminino,lateral_direito,phase_2_support_positions,Helena Martins,14,Eve Perisset,external_audit_passed,approved_for_top25_growth_promotion,top25_growth_wave_2_support_external_audit,promover candidato para shortlist consolidada do top 25
feminino,lateral_direito,phase_2_support_positions,Helena Martins,15,Marion Torrent,external_audit_passed,approved_for_top25_growth_promotion,top25_growth_wave_2_support_external_audit,promover candidato para shortlist consolidada do top 25
feminino,lateral_esquerdo,phase_2_support_positions,Helena Martins,11,Perle Morroni,external_audit_passed,approved_for_top25_growth_promotion,top25_growth_wave_2_support_external_audit,promover candidato para shortlist consolidada do top 25
feminino,lateral_esquerdo,phase_2_support_positions,Helena Martins,12,Amel Majri,external_audit_passed,approved_for_top25_growth_promotion,top25_growth_wave_2_support_external_audit,promover candidato para shortlist consolidada do top 25
feminino,lateral_esquerdo,phase_2_support_positions,Helena Martins,13,Elise Kellond-Knight,external_audit_passed,approved_for_top25_growth_promotion,top25_growth_wave_2_support_external_audit,promover candidato para shortlist consolidada do top 25
feminino,lateral_esquerdo,phase_2_support_positions,Helena Martins,14,Esmee Brugts,external_audit_passed,approved_for_top25_growth_promotion,top25_growth_wave_2_support_external_audit,promover candidato para shortlist consolidada do top 25
feminino,lateral_esquerdo,phase_2_support_positions,Helena Martins,15,Felicitas Rauch,external_audit_passed,approved_for_top25_growth_promotion,top25_growth_wave_2_support_external_audit,promover candidato para shortlist consolidada do top 25
feminino,meia_central,phase_2_support_positions,Lara Nascimento,11,Danielle van de Donk,external_audit_passed,approved_for_top25_growth_promotion,top25_growth_wave_2_support_external_audit,promover candidato para shortlist consolidada do top 25
feminino,meia_central,phase_2_support_positions,Lara Nascimento,12,Sara Dabritz,external_audit_passed,approved_for_top25_growth_promotion,top25_growth_wave_2_support_external_audit,promover candidato para shortlist consolidada do top 25
feminino,meia_central,phase_2_support_positions,Lara Nascimento,13,Leicy Santos,external_audit_passed,approved_for_top25_growth_promotion,top25_growth_wave_2_support_external_audit,promover candidato para shortlist consolidada do top 25
feminino,meia_central,phase_2_support_positions,Lara Nascimento,14,Filippa Angeldahl,external_audit_passed,approved_for_top25_growth_promotion,top25_growth_wave_2_support_external_audit,promover candidato para shortlist consolidada do top 25
feminino,meia_central,phase_2_support_positions,Lara Nascimento,15,Sandie Toletti,external_audit_passed,approved_for_top25_growth_promotion,top25_growth_wave_2_support_external_audit,promover candidato para shortlist consolidada do top 25
feminino,segundo_atacante,phase_2_support_positions,Diego Torres,11,Nicole Anyomi,external_audit_passed,approved_for_top25_growth_promotion,top25_growth_wave_2_support_external_audit,promover candidato para shortlist consolidada do top 25
feminino,segundo_atacante,phase_2_support_positions,Diego Torres,12,Rasheedat Ajibade,external_audit_passed,approved_for_top25_growth_promotion,top25_growth_wave_2_support_external_audit,promover candidato para shortlist consolidada do top 25
feminino,segundo_atacante,phase_2_support_positions,Diego Torres,13,Leah Galton,external_audit_passed,approved_for_top25_growth_promotion,top25_growth_wave_2_support_external_audit,promover candidato para shortlist consolidada do top 25
feminino,segundo_atacante,phase_2_support_positions,Diego Torres,14,Cloe Lacasse,external_audit_passed,approved_for_top25_growth_promotion,top25_growth_wave_2_support_external_audit,promover candidato para shortlist consolidada do top 25
feminino,segundo_atacante,phase_2_support_positions,Diego Torres,15,Manuela Giugliano,external_audit_passed,approved_for_top25_growth_promotion,top25_growth_wave_2_support_external_audit,promover candidato para shortlist consolidada do top 25
masculino,lateral_direito,phase_2_support_positions,Helena Martins,11,Branislav Ivanovic,external_audit_passed,approved_for_top25_growth_promotion,top25_growth_wave_2_support_external_audit,promover candidato para shortlist consolidada do top 25
masculino,lateral_direito,phase_2_support_positions,Helena Martins,12,Lilian Thuram,external_audit_passed,approved_for_top25_growth_promotion,top25_growth_wave_2_support_external_audit,promover candidato para shortlist consolidada do top 25
masculino,lateral_direito,phase_2_support_positions,Helena Martins,13,Jesus Navas,external_audit_passed,approved_for_top25_growth_promotion,top25_growth_wave_2_support_external_audit,promover candidato para shortlist consolidada do top 25
masculino,lateral_direito,phase_2_support_positions,Helena Martins,14,Glen Johnson,external_audit_passed,approved_for_top25_growth_promotion,top25_growth_wave_2_support_external_audit,promover candidato para shortlist consolidada do top 25
masculino,lateral_direito,phase_2_support_positions,Helena Martins,15,Danilo,external_audit_passed,approved_for_top25_growth_promotion,top25_growth_wave_2_support_external_audit,promover candidato para shortlist consolidada do top 25
masculino,lateral_esquerdo,phase_2_support_positions,Helena Martins,11,Denis Irwin,external_audit_passed,approved_for_top25_growth_promotion,top25_growth_wave_2_support_external_audit,promover candidato para shortlist consolidada do top 25
masculino,lateral_esquerdo,phase_2_support_positions,Helena Martins,12,Maxwell,external_audit_passed,approved_for_top25_growth_promotion,top25_growth_wave_2_support_external_audit,promover candidato para shortlist consolidada do top 25
masculino,lateral_esquerdo,phase_2_support_positions,Helena Martins,13,Eric Abidal,external_audit_passed,approved_for_top25_growth_promotion,top25_growth_wave_2_support_external_audit,promover candidato para shortlist consolidada do top 25
masculino,lateral_esquerdo,phase_2_support_positions,Helena Martins,14,Leighton Baines,external_audit_passed,approved_for_top25_growth_promotion,top25_growth_wave_2_support_external_audit,promover candidato para shortlist consolidada do top 25
masculino,lateral_esquerdo,phase_2_support_positions,Helena Martins,15,Gianluca Zambrotta,external_audit_passed,approved_for_top25_growth_promotion,top25_growth_wave_2_support_external_audit,promover candidato para shortlist consolidada do top 25
masculino,meia_central,phase_2_support_positions,Lara Nascimento,11,Cesc Fabregas,external_audit_passed,approved_for_top25_growth_promotion,top25_growth_wave_2_support_external_audit,promover candidato para shortlist consolidada do top 25
masculino,meia_central,phase_2_support_positions,Lara Nascimento,12,Michael Ballack,external_audit_passed,approved_for_top25_growth_promotion,top25_growth_wave_2_support_external_audit,promover candidato para shortlist consolidada do top 25
masculino,meia_central,phase_2_support_positions,Lara Nascimento,13,Yaya Toure,external_audit_passed,approved_for_top25_growth_promotion,top25_growth_wave_2_support_external_audit,promover candidato para shortlist consolidada do top 25
masculino,meia_central,phase_2_support_positions,Lara Nascimento,14,Thiago Alcantara,external_audit_passed,approved_for_top25_growth_promotion,top25_growth_wave_2_support_external_audit,promover candidato para shortlist consolidada do top 25
masculino,meia_central,phase_2_support_positions,Lara Nascimento,15,Ruben Neves,external_audit_passed,approved_for_top25_growth_promotion,top25_growth_wave_2_support_external_audit,promover candidato para shortlist consolidada do top 25
masculino,segundo_atacante,phase_2_support_positions,Diego Torres,11,Raul,external_audit_passed,approved_for_top25_growth_promotion,top25_growth_wave_2_support_external_audit,promover candidato para shortlist consolidada do top 25
masculino,segundo_atacante,phase_2_support_positions,Diego Torres,12,Eric Cantona,external_audit_passed,approved_for_top25_growth_promotion,top25_growth_wave_2_support_external_audit,promover candidato para shortlist consolidada do top 25
masculino,segundo_atacante,phase_2_support_positions,Diego Torres,13,Gianfranco Zola,external_audit_passed,approved_for_top25_growth_promotion,top25_growth_wave_2_support_external_audit,promover candidato para shortlist consolidada do top 25
masculino,segundo_atacante,phase_2_support_positions,Diego Torres,14,Emilio Butragueno,external_audit_passed,approved_for_top25_growth_promotion,top25_growth_wave_2_support_external_audit,promover candidato para shortlist consolidada do top 25
masculino,segundo_atacante,phase_2_support_positions,Diego Torres,15,Teddy Sheringham,external_audit_passed,approved_for_top25_growth_promotion,top25_growth_wave_2_support_external_audit,promover candidato para shortlist consolidada do top 25
feminino,ponta_direita,phase_3_wide_profiles,Lara Nascimento,11,Lynn Williams,external_audit_passed,approved_for_top25_growth_promotion,top25_growth_wave_3_wide_external_audit,promover candidato para shortlist consolidada do top 25
feminino,ponta_direita,phase_3_wide_profiles,Lara Nascimento,12,Jessica Silva,external_audit_passed,approved_for_top25_growth_promotion,top25_growth_wave_3_wide_external_audit,promover candidato para shortlist consolidada do top 25
feminino,ponta_direita,phase_3_wide_profiles,Lara Nascimento,13,Shanice van de Sanden,external_audit_passed,approved_for_top25_growth_promotion,top25_growth_wave_3_wide_external_audit,promover candidato para shortlist consolidada do top 25
feminino,ponta_direita,phase_3_wide_profiles,Lara Nascimento,14,Cortnee Vine,external_audit_passed,approved_for_top25_growth_promotion,top25_growth_wave_3_wide_external_audit,promover candidato para shortlist consolidada do top 25
feminino,ponta_direita,phase_3_wide_profiles,Lara Nascimento,15,Rosella Ayane,external_audit_passed,approved_for_top25_growth_promotion,top25_growth_wave_3_wide_external_audit,promover candidato para shortlist consolidada do top 25
feminino,ponta_esquerda,phase_3_wide_profiles,Lara Nascimento,11,Tobin Heath,external_audit_passed,approved_for_top25_growth_promotion,top25_growth_wave_3_wide_external_audit,promover candidato para shortlist consolidada do top 25
feminino,ponta_esquerda,phase_3_wide_profiles,Lara Nascimento,12,Adriana,external_audit_passed,approved_for_top25_growth_promotion,top25_growth_wave_3_wide_external_audit,promover candidato para shortlist consolidada do top 25
feminino,ponta_esquerda,phase_3_wide_profiles,Lara Nascimento,13,Melvine Malard,external_audit_passed,approved_for_top25_growth_promotion,top25_growth_wave_3_wide_external_audit,promover candidato para shortlist consolidada do top 25
feminino,ponta_esquerda,phase_3_wide_profiles,Lara Nascimento,14,Athenea del Castillo,external_audit_passed,approved_for_top25_growth_promotion,top25_growth_wave_3_wide_external_audit,promover candidato para shortlist consolidada do top 25
feminino,ponta_esquerda,phase_3_wide_profiles,Lara Nascimento,15,Rachel Daly,external_audit_passed,approved_for_top25_growth_promotion,top25_growth_wave_3_wide_external_audit,promover candidato para shortlist consolidada do top 25
masculino,ponta_direita,phase_3_wide_profiles,Lara Nascimento,11,Pedro Neto,external_audit_passed,approved_for_top25_growth_promotion,top25_growth_wave_3_wide_external_audit,promover candidato para shortlist consolidada do top 25
masculino,ponta_direita,phase_3_wide_profiles,Lara Nascimento,12,Ousmane Dembele,external_audit_passed,approved_for_top25_growth_promotion,top25_growth_wave_3_wide_external_audit,promover candidato para shortlist consolidada do top 25
masculino,ponta_direita,phase_3_wide_profiles,Lara Nascimento,13,Joaquin,external_audit_passed,approved_for_top25_growth_promotion,top25_growth_wave_3_wide_external_audit,promover candidato para shortlist consolidada do top 25
masculino,ponta_direita,phase_3_wide_profiles,Lara Nascimento,14,Nani,external_audit_passed,approved_for_top25_growth_promotion,top25_growth_wave_3_wide_external_audit,promover candidato para shortlist consolidada do top 25
masculino,ponta_direita,phase_3_wide_profiles,Lara Nascimento,15,Jarrod Bowen,external_audit_passed,approved_for_top25_growth_promotion,top25_growth_wave_3_wide_external_audit,promover candidato para shortlist consolidada do top 25
masculino,ponta_esquerda,phase_3_wide_profiles,Lara Nascimento,11,Alexis Sanchez,external_audit_passed,approved_for_top25_growth_promotion,top25_growth_wave_3_wide_external_audit,promover candidato para shortlist consolidada do top 25
masculino,ponta_esquerda,phase_3_wide_profiles,Lara Nascimento,12,Kingsley Coman,external_audit_passed,approved_for_top25_growth_promotion,top25_growth_wave_3_wide_external_audit,promover candidato para shortlist consolidada do top 25
masculino,ponta_esquerda,phase_3_wide_profiles,Lara Nascimento,13,Hirving Lozano,external_audit_passed,approved_for_top25_growth_promotion,top25_growth_wave_3_wide_external_audit,promover candidato para shortlist consolidada do top 25
masculino,ponta_esquerda,phase_3_wide_profiles,Lara Nascimento,14,Allan Saint-Maximin,external_audit_passed,approved_for_top25_growth_promotion,top25_growth_wave_3_wide_external_audit,promover candidato para shortlist consolidada do top 25
masculino,ponta_esquerda,phase_3_wide_profiles,Lara Nascimento,15,Ansu Fati,external_audit_passed,approved_for_top25_growth_promotion,top25_growth_wave_3_wide_external_audit,promover candidato para shortlist consolidada do top 25
feminino,centroavante,phase_1_core_positions,Diego Torres,16,Eugenie Le Sommer,external_audit_passed,approved_for_top25_growth_promotion,top25_growth_wave_4_core_external_audit,promover candidato para shortlist consolidada do top 25
feminino,centroavante,phase_1_core_positions,Diego Torres,17,Bethany England,external_audit_passed,approved_for_top25_growth_promotion,top25_growth_wave_4_core_external_audit,promover candidato para shortlist consolidada do top 25
feminino,centroavante,phase_1_core_positions,Diego Torres,18,Abby Wambach,external_audit_passed,approved_for_top25_growth_promotion,top25_growth_wave_4_core_external_audit,promover candidato para shortlist consolidada do top 25
feminino,centroavante,phase_1_core_positions,Diego Torres,19,Patrizia Panico,external_audit_passed,approved_for_top25_growth_promotion,top25_growth_wave_4_core_external_audit,promover candidato para shortlist consolidada do top 25
feminino,centroavante,phase_1_core_positions,Diego Torres,20,Melissa Tancredi,external_audit_passed,approved_for_top25_growth_promotion,top25_growth_wave_4_core_external_audit,promover candidato para shortlist consolidada do top 25
feminino,goleiro,phase_1_core_positions,Diego Torres,16,Pauline Peyraud-Magnin,external_audit_passed,approved_for_top25_growth_promotion,top25_growth_wave_4_core_external_audit,promover candidato para shortlist consolidada do top 25
feminino,goleiro,phase_1_core_positions,Diego Torres,17,Kailen Sheridan,external_audit_passed,approved_for_top25_growth_promotion,top25_growth_wave_4_core_external_audit,promover candidato para shortlist consolidada do top 25
feminino,goleiro,phase_1_core_positions,Diego Torres,18,Chiamaka Nnadozie,external_audit_passed,approved_for_top25_growth_promotion,top25_growth_wave_4_core_external_audit,promover candidato para shortlist consolidada do top 25
feminino,goleiro,phase_1_core_positions,Diego Torres,19,Karina LeBlanc,external_audit_passed,approved_for_top25_growth_promotion,top25_growth_wave_4_core_external_audit,promover candidato para shortlist consolidada do top 25
feminino,goleiro,phase_1_core_positions,Diego Torres,20,Laura Giuliani,external_audit_passed,approved_for_top25_growth_promotion,top25_growth_wave_4_core_external_audit,promover candidato para shortlist consolidada do top 25
feminino,meia_ofensivo,phase_1_core_positions,Lara Nascimento,16,Catalina Usme,external_audit_passed,approved_for_top25_growth_promotion,top25_growth_wave_4_core_external_audit,promover candidato para shortlist consolidada do top 25
feminino,meia_ofensivo,phase_1_core_positions,Lara Nascimento,17,Vicky Losada,external_audit_passed,approved_for_top25_growth_promotion,top25_growth_wave_4_core_external_audit,promover candidato para shortlist consolidada do top 25
feminino,meia_ofensivo,phase_1_core_positions,Lara Nascimento,18,Jenni Hermoso,external_audit_passed,approved_for_top25_growth_promotion,top25_growth_wave_4_core_external_audit,promover candidato para shortlist consolidada do top 25
feminino,meia_ofensivo,phase_1_core_positions,Lara Nascimento,19,Camille Abily,external_audit_passed,approved_for_top25_growth_promotion,top25_growth_wave_4_core_external_audit,promover candidato para shortlist consolidada do top 25
feminino,meia_ofensivo,phase_1_core_positions,Lara Nascimento,20,Linda Medalen,external_audit_passed,approved_for_top25_growth_promotion,top25_growth_wave_4_core_external_audit,promover candidato para shortlist consolidada do top 25
feminino,volante,phase_1_core_positions,Diego Torres,16,Desiree Scott,external_audit_passed,approved_for_top25_growth_promotion,top25_growth_wave_4_core_external_audit,promover candidato para shortlist consolidada do top 25
feminino,volante,phase_1_core_positions,Diego Torres,17,Sara Bjork Gunnarsdottir,external_audit_passed,approved_for_top25_growth_promotion,top25_growth_wave_4_core_external_audit,promover candidato para shortlist consolidada do top 25
feminino,volante,phase_1_core_positions,Diego Torres,18,Elin Rubensson,external_audit_passed,approved_for_top25_growth_promotion,top25_growth_wave_4_core_external_audit,promover candidato para shortlist consolidada do top 25
feminino,volante,phase_1_core_positions,Diego Torres,19,Oriane Jean-Francois,external_audit_passed,approved_for_top25_growth_promotion,top25_growth_wave_4_core_external_audit,promover candidato para shortlist consolidada do top 25
feminino,volante,phase_1_core_positions,Diego Torres,20,Janina Minge,external_audit_passed,approved_for_top25_growth_promotion,top25_growth_wave_4_core_external_audit,promover candidato para shortlist consolidada do top 25
feminino,zagueiro,phase_1_core_positions,Diego Torres,16,Griedge Mbock,external_audit_passed,approved_for_top25_growth_promotion,top25_growth_wave_4_core_external_audit,promover candidato para shortlist consolidada do top 25
feminino,zagueiro,phase_1_core_positions,Diego Torres,17,Abby Dahlkemper,external_audit_passed,approved_for_top25_growth_promotion,top25_growth_wave_4_core_external_audit,promover candidato para shortlist consolidada do top 25
feminino,zagueiro,phase_1_core_positions,Diego Torres,18,Osinachi Ohale,external_audit_passed,approved_for_top25_growth_promotion,top25_growth_wave_4_core_external_audit,promover candidato para shortlist consolidada do top 25
feminino,zagueiro,phase_1_core_positions,Diego Torres,19,Maelle Lakrar,external_audit_passed,approved_for_top25_growth_promotion,top25_growth_wave_4_core_external_audit,promover candidato para shortlist consolidada do top 25
feminino,zagueiro,phase_1_core_positions,Diego Torres,20,Magdalena Eriksson,external_audit_passed,approved_for_top25_growth_promotion,top25_growth_wave_4_core_external_audit,promover candidato para shortlist consolidada do top 25
masculino,centroavante,phase_1_core_positions,Diego Torres,16,Hernan Crespo,external_audit_passed,approved_for_top25_growth_promotion,top25_growth_wave_4_core_external_audit,promover candidato para shortlist consolidada do top 25
masculino,centroavante,phase_1_core_positions,Diego Torres,17,Robin van Persie,external_audit_passed,approved_for_top25_growth_promotion,top25_growth_wave_4_core_external_audit,promover candidato para shortlist consolidada do top 25
masculino,centroavante,phase_1_core_positions,Diego Torres,18,Miroslav Klose,external_audit_passed,approved_for_top25_growth_promotion,top25_growth_wave_4_core_external_audit,promover candidato para shortlist consolidada do top 25
masculino,centroavante,phase_1_core_positions,Diego Torres,19,David Villa,external_audit_passed,approved_for_top25_growth_promotion,top25_growth_wave_4_core_external_audit,promover candidato para shortlist consolidada do top 25
masculino,centroavante,phase_1_core_positions,Diego Torres,20,Pierre-Emerick Aubameyang,external_audit_passed,approved_for_top25_growth_promotion,top25_growth_wave_4_core_external_audit,promover candidato para shortlist consolidada do top 25
masculino,goleiro,phase_1_core_positions,Diego Torres,16,Walter Zenga,external_audit_passed,approved_for_top25_growth_promotion,top25_growth_wave_4_core_external_audit,promover candidato para shortlist consolidada do top 25
masculino,goleiro,phase_1_core_positions,Diego Torres,17,Fabien Barthez,external_audit_passed,approved_for_top25_growth_promotion,top25_growth_wave_4_core_external_audit,promover candidato para shortlist consolidada do top 25
masculino,goleiro,phase_1_core_positions,Diego Torres,18,Hugo Lloris,external_audit_passed,approved_for_top25_growth_promotion,top25_growth_wave_4_core_external_audit,promover candidato para shortlist consolidada do top 25
masculino,goleiro,phase_1_core_positions,Diego Torres,19,Jose Luis Chilavert,external_audit_passed,approved_for_top25_growth_promotion,top25_growth_wave_4_core_external_audit,promover candidato para shortlist consolidada do top 25
masculino,goleiro,phase_1_core_positions,Diego Torres,20,Victor Valdes,external_audit_passed,approved_for_top25_growth_promotion,top25_growth_wave_4_core_external_audit,promover candidato para shortlist consolidada do top 25
masculino,meia_ofensivo,phase_1_core_positions,Lara Nascimento,16,Wesley Sneijder,external_audit_passed,approved_for_top25_growth_promotion,top25_growth_wave_4_core_external_audit,promover candidato para shortlist consolidada do top 25
masculino,meia_ofensivo,phase_1_core_positions,Lara Nascimento,17,James Rodriguez,external_audit_passed,approved_for_top25_growth_promotion,top25_growth_wave_4_core_external_audit,promover candidato para shortlist consolidada do top 25
masculino,meia_ofensivo,phase_1_core_positions,Lara Nascimento,18,Pablo Aimar,external_audit_passed,approved_for_top25_growth_promotion,top25_growth_wave_4_core_external_audit,promover candidato para shortlist consolidada do top 25
masculino,meia_ofensivo,phase_1_core_positions,Lara Nascimento,19,Hakan Calhanoglu,external_audit_passed,approved_for_top25_growth_promotion,top25_growth_wave_4_core_external_audit,promover candidato para shortlist consolidada do top 25
masculino,meia_ofensivo,phase_1_core_positions,Lara Nascimento,20,Tomas Rosicky,external_audit_passed,approved_for_top25_growth_promotion,top25_growth_wave_4_core_external_audit,promover candidato para shortlist consolidada do top 25
masculino,volante,phase_1_core_positions,Diego Torres,16,Edgar Davids,external_audit_passed,approved_for_top25_growth_promotion,top25_growth_wave_4_core_external_audit,promover candidato para shortlist consolidada do top 25
masculino,volante,phase_1_core_positions,Diego Torres,17,Esteban Cambiasso,external_audit_passed,approved_for_top25_growth_promotion,top25_growth_wave_4_core_external_audit,promover candidato para shortlist consolidada do top 25
masculino,volante,phase_1_core_positions,Diego Torres,18,Michael Essien,external_audit_passed,approved_for_top25_growth_promotion,top25_growth_wave_4_core_external_audit,promover candidato para shortlist consolidada do top 25
masculino,volante,phase_1_core_positions,Diego Torres,19,Fernandinho,external_audit_passed,approved_for_top25_growth_promotion,top25_growth_wave_4_core_external_audit,promover candidato para shortlist consolidada do top 25
masculino,volante,phase_1_core_positions,Diego Torres,20,Nemanja Matic,external_audit_passed,approved_for_top25_growth_promotion,top25_growth_wave_4_core_external_audit,promover candidato para shortlist consolidada do top 25
masculino,zagueiro,phase_1_core_positions,Diego Torres,16,Daniel Passarella,external_audit_passed,approved_for_top25_growth_promotion,top25_growth_wave_4_core_external_audit,promover candidato para shortlist consolidada do top 25
masculino,zagueiro,phase_1_core_positions,Diego Torres,17,Walter Samuel,external_audit_passed,approved_for_top25_growth_promotion,top25_growth_wave_4_core_external_audit,promover candidato para shortlist consolidada do top 25
masculino,zagueiro,phase_1_core_positions,Diego Torres,18,Sol Campbell,external_audit_passed,approved_for_top25_growth_promotion,top25_growth_wave_4_core_external_audit,promover candidato para shortlist consolidada do top 25
masculino,zagueiro,phase_1_core_positions,Diego Torres,19,Ricardo Carvalho,external_audit_passed,approved_for_top25_growth_promotion,top25_growth_wave_4_core_external_audit,promover candidato para shortlist consolidada do top 25
masculino,zagueiro,phase_1_core_positions,Diego Torres,20,Pepe,external_audit_passed,approved_for_top25_growth_promotion,top25_growth_wave_4_core_external_audit,promover candidato para shortlist consolidada do top 25
feminino,lateral_direito,phase_2_support_positions,Helena Martins,16,Kerstin Casparij,external_audit_passed,approved_for_top25_growth_promotion,top25_growth_wave_5_support_external_audit,promover candidato para shortlist consolidada do top 25
feminino,lateral_direito,phase_2_support_positions,Helena Martins,17,Iman Beney,external_audit_passed,approved_for_top25_growth_promotion,top25_growth_wave_5_support_external_audit,promover candidato para shortlist consolidada do top 25
feminino,lateral_direito,phase_2_support_positions,Helena Martins,18,Maitane Lopez,external_audit_passed,approved_for_top25_growth_promotion,top25_growth_wave_5_support_external_audit,promover candidato para shortlist consolidada do top 25
feminino,lateral_direito,phase_2_support_positions,Helena Martins,19,Ailing Wang,external_audit_passed,approved_for_top25_growth_promotion,top25_growth_wave_5_support_external_audit,promover candidato para shortlist consolidada do top 25
feminino,lateral_direito,phase_2_support_positions,Helena Martins,20,Risa Shimizu,external_audit_passed,approved_for_top25_growth_promotion,top25_growth_wave_5_support_external_audit,promover candidato para shortlist consolidada do top 25
feminino,lateral_esquerdo,phase_2_support_positions,Helena Martins,16,Olga Carmona,external_audit_passed,approved_for_top25_growth_promotion,top25_growth_wave_5_support_external_audit,promover candidato para shortlist consolidada do top 25
feminino,lateral_esquerdo,phase_2_support_positions,Helena Martins,17,Casey Krueger,external_audit_passed,approved_for_top25_growth_promotion,top25_growth_wave_5_support_external_audit,promover candidato para shortlist consolidada do top 25
feminino,lateral_esquerdo,phase_2_support_positions,Helena Martins,18,Sofia Huerta,external_audit_passed,approved_for_top25_growth_promotion,top25_growth_wave_5_support_external_audit,promover candidato para shortlist consolidada do top 25
feminino,lateral_esquerdo,phase_2_support_positions,Helena Martins,19,Megan Reid,external_audit_passed,approved_for_top25_growth_promotion,top25_growth_wave_5_support_external_audit,promover candidato para shortlist consolidada do top 25
feminino,lateral_esquerdo,phase_2_support_positions,Helena Martins,20,Courtney Nevin,external_audit_passed,approved_for_top25_growth_promotion,top25_growth_wave_5_support_external_audit,promover candidato para shortlist consolidada do top 25
feminino,meia_central,phase_2_support_positions,Lara Nascimento,16,Jordan Nobbs,external_audit_passed,approved_for_top25_growth_promotion,top25_growth_wave_5_support_external_audit,promover candidato para shortlist consolidada do top 25
feminino,meia_central,phase_2_support_positions,Lara Nascimento,17,Fara Williams,external_audit_passed,approved_for_top25_growth_promotion,top25_growth_wave_5_support_external_audit,promover candidato para shortlist consolidada do top 25
feminino,meia_central,phase_2_support_positions,Lara Nascimento,18,Caroline Weir,external_audit_passed,approved_for_top25_growth_promotion,top25_growth_wave_5_support_external_audit,promover candidato para shortlist consolidada do top 25
feminino,meia_central,phase_2_support_positions,Lara Nascimento,19,Laura Freigang,external_audit_passed,approved_for_top25_growth_promotion,top25_growth_wave_5_support_external_audit,promover candidato para shortlist consolidada do top 25
feminino,meia_central,phase_2_support_positions,Lara Nascimento,20,Amanda Sampedro,external_audit_passed,approved_for_top25_growth_promotion,top25_growth_wave_5_support_external_audit,promover candidato para shortlist consolidada do top 25
feminino,segundo_atacante,phase_2_support_positions,Diego Torres,16,Klara Buhl,external_audit_passed,approved_for_top25_growth_promotion,top25_growth_wave_5_support_external_audit,promover candidato para shortlist consolidada do top 25
feminino,segundo_atacante,phase_2_support_positions,Diego Torres,17,Celia Sasic,external_audit_passed,approved_for_top25_growth_promotion,top25_growth_wave_5_support_external_audit,promover candidato para shortlist consolidada do top 25
feminino,segundo_atacante,phase_2_support_positions,Diego Torres,18,Anja Mittag,external_audit_passed,approved_for_top25_growth_promotion,top25_growth_wave_5_support_external_audit,promover candidato para shortlist consolidada do top 25
feminino,segundo_atacante,phase_2_support_positions,Diego Torres,19,Svenja Huth,external_audit_passed,approved_for_top25_growth_promotion,top25_growth_wave_5_support_external_audit,promover candidato para shortlist consolidada do top 25
feminino,segundo_atacante,phase_2_support_positions,Diego Torres,20,Ramona Bachmann,external_audit_passed,approved_for_top25_growth_promotion,top25_growth_wave_5_support_external_audit,promover candidato para shortlist consolidada do top 25
masculino,lateral_direito,phase_2_support_positions,Helena Martins,16,Reece James,external_audit_passed,approved_for_top25_growth_promotion,top25_growth_wave_5_support_external_audit,promover candidato para shortlist consolidada do top 25
masculino,lateral_direito,phase_2_support_positions,Helena Martins,17,Benjamin Pavard,external_audit_passed,approved_for_top25_growth_promotion,top25_growth_wave_5_support_external_audit,promover candidato para shortlist consolidada do top 25
masculino,lateral_direito,phase_2_support_positions,Helena Martins,18,Pablo Zabaleta,external_audit_passed,approved_for_top25_growth_promotion,top25_growth_wave_5_support_external_audit,promover candidato para shortlist consolidada do top 25
masculino,lateral_direito,phase_2_support_positions,Helena Martins,19,Dan Petrescu,external_audit_passed,approved_for_top25_growth_promotion,top25_growth_wave_5_support_external_audit,promover candidato para shortlist consolidada do top 25
masculino,lateral_direito,phase_2_support_positions,Helena Martins,20,Cesar Azpilicueta,external_audit_passed,approved_for_top25_growth_promotion,top25_growth_wave_5_support_external_audit,promover candidato para shortlist consolidada do top 25
masculino,lateral_esquerdo,phase_2_support_positions,Helena Martins,16,Fabio Grosso,external_audit_passed,approved_for_top25_growth_promotion,top25_growth_wave_5_support_external_audit,promover candidato para shortlist consolidada do top 25
masculino,lateral_esquerdo,phase_2_support_positions,Helena Martins,17,Gael Clichy,external_audit_passed,approved_for_top25_growth_promotion,top25_growth_wave_5_support_external_audit,promover candidato para shortlist consolidada do top 25
masculino,lateral_esquerdo,phase_2_support_positions,Helena Martins,18,Alex Sandro,external_audit_passed,approved_for_top25_growth_promotion,top25_growth_wave_5_support_external_audit,promover candidato para shortlist consolidada do top 25
masculino,lateral_esquerdo,phase_2_support_positions,Helena Martins,19,Lucas Digne,external_audit_passed,approved_for_top25_growth_promotion,top25_growth_wave_5_support_external_audit,promover candidato para shortlist consolidada do top 25
masculino,lateral_esquerdo,phase_2_support_positions,Helena Martins,20,Joan Capdevila,external_audit_passed,approved_for_top25_growth_promotion,top25_growth_wave_5_support_external_audit,promover candidato para shortlist consolidada do top 25
masculino,meia_central,phase_2_support_positions,Lara Nascimento,16,Deco,external_audit_passed,approved_for_top25_growth_promotion,top25_growth_wave_5_support_external_audit,promover candidato para shortlist consolidada do top 25
masculino,meia_central,phase_2_support_positions,Lara Nascimento,17,Ivan Rakitic,external_audit_passed,approved_for_top25_growth_promotion,top25_growth_wave_5_support_external_audit,promover candidato para shortlist consolidada do top 25
masculino,meia_central,phase_2_support_positions,Lara Nascimento,18,Miralem Pjanic,external_audit_passed,approved_for_top25_growth_promotion,top25_growth_wave_5_support_external_audit,promover candidato para shortlist consolidada do top 25
masculino,meia_central,phase_2_support_positions,Lara Nascimento,19,Arturo Vidal,external_audit_passed,approved_for_top25_growth_promotion,top25_growth_wave_5_support_external_audit,promover candidato para shortlist consolidada do top 25
masculino,meia_central,phase_2_support_positions,Lara Nascimento,20,Jorginho,external_audit_passed,approved_for_top25_growth_promotion,top25_growth_wave_5_support_external_audit,promover candidato para shortlist consolidada do top 25
masculino,segundo_atacante,phase_2_support_positions,Diego Torres,16,Roberto Firmino,external_audit_passed,approved_for_top25_growth_promotion,top25_growth_wave_5_support_external_audit,promover candidato para shortlist consolidada do top 25
masculino,segundo_atacante,phase_2_support_positions,Diego Torres,17,Javier Saviola,external_audit_passed,approved_for_top25_growth_promotion,top25_growth_wave_5_support_external_audit,promover candidato para shortlist consolidada do top 25
masculino,segundo_atacante,phase_2_support_positions,Diego Torres,18,Dries Mertens,external_audit_passed,approved_for_top25_growth_promotion,top25_growth_wave_5_support_external_audit,promover candidato para shortlist consolidada do top 25
masculino,segundo_atacante,phase_2_support_positions,Diego Torres,19,Kevin Gameiro,external_audit_passed,approved_for_top25_growth_promotion,top25_growth_wave_5_support_external_audit,promover candidato para shortlist consolidada do top 25
masculino,segundo_atacante,phase_2_support_positions,Diego Torres,20,Dimitar Berbatov,external_audit_passed,approved_for_top25_growth_promotion,top25_growth_wave_5_support_external_audit,promover candidato para shortlist consolidada do top 25
feminino,centroavante,phase_1_core_positions,Diego Torres,21,Alba Redondo,external_audit_passed,approved_for_top25_growth_promotion,top25_growth_wave_6_core_external_audit,promover candidato para shortlist consolidada do top 25
feminino,centroavante,phase_1_core_positions,Diego Torres,22,Mina Tanaka CF,external_audit_passed,approved_for_top25_growth_promotion,top25_growth_wave_6_core_external_audit,promover candidato para shortlist consolidada do top 25
feminino,centroavante,phase_1_core_positions,Diego Torres,23,Sabrina Delannoy Forward,external_audit_passed,approved_for_top25_growth_promotion,top25_growth_wave_6_core_external_audit,promover candidato para shortlist consolidada do top 25
feminino,centroavante,phase_1_core_positions,Diego Torres,24,Manuela Vanegas CF,external_audit_passed,approved_for_top25_growth_promotion,top25_growth_wave_6_core_external_audit,promover candidato para shortlist consolidada do top 25
feminino,centroavante,phase_1_core_positions,Diego Torres,25,Stina Blackstenius,external_audit_passed,approved_for_top25_growth_promotion,top25_growth_wave_6_core_external_audit,promover candidato para shortlist consolidada do top 25
feminino,goleiro,phase_1_core_positions,Diego Torres,21,Lola Gallardo,external_audit_passed,approved_for_top25_growth_promotion,top25_growth_wave_6_core_external_audit,promover candidato para shortlist consolidada do top 25
feminino,goleiro,phase_1_core_positions,Diego Torres,22,Zecira Musovic,external_audit_passed,approved_for_top25_growth_promotion,top25_growth_wave_6_core_external_audit,promover candidato para shortlist consolidada do top 25
feminino,goleiro,phase_1_core_positions,Diego Torres,23,Merle Frohms,external_audit_passed,approved_for_top25_growth_promotion,top25_growth_wave_6_core_external_audit,promover candidato para shortlist consolidada do top 25
feminino,goleiro,phase_1_core_positions,Diego Torres,24,Mackenzie Arnold,external_audit_passed,approved_for_top25_growth_promotion,top25_growth_wave_6_core_external_audit,promover candidato para shortlist consolidada do top 25
feminino,goleiro,phase_1_core_positions,Diego Torres,25,Ann-Katrin Berger II,external_audit_passed,approved_for_top25_growth_promotion,top25_growth_wave_6_core_external_audit,promover candidato para shortlist consolidada do top 25
feminino,meia_ofensivo,phase_1_core_positions,Lara Nascimento,21,Ana-Maria Crnogorcevic,external_audit_passed,approved_for_top25_growth_promotion,top25_growth_wave_6_core_external_audit,promover candidato para shortlist consolidada do top 25
feminino,meia_ofensivo,phase_1_core_positions,Lara Nascimento,22,Mina Tanaka,external_audit_passed,approved_for_top25_growth_promotion,top25_growth_wave_6_core_external_audit,promover candidato para shortlist consolidada do top 25
feminino,meia_ofensivo,phase_1_core_positions,Lara Nascimento,23,Kika Nazareth,external_audit_passed,approved_for_top25_growth_promotion,top25_growth_wave_6_core_external_audit,promover candidato para shortlist consolidada do top 25
feminino,meia_ofensivo,phase_1_core_positions,Lara Nascimento,24,Deyna Castellanos,external_audit_passed,approved_for_top25_growth_promotion,top25_growth_wave_6_core_external_audit,promover candidato para shortlist consolidada do top 25
feminino,meia_ofensivo,phase_1_core_positions,Lara Nascimento,25,Sophie Schmidt,external_audit_passed,approved_for_top25_growth_promotion,top25_growth_wave_6_core_external_audit,promover candidato para shortlist consolidada do top 25
feminino,volante,phase_1_core_positions,Diego Torres,21,Denise O Sullivan,external_audit_passed,approved_for_top25_growth_promotion,top25_growth_wave_6_core_external_audit,promover candidato para shortlist consolidada do top 25
feminino,volante,phase_1_core_positions,Diego Torres,22,Mariona Ortiz,external_audit_passed,approved_for_top25_growth_promotion,top25_growth_wave_6_core_external_audit,promover candidato para shortlist consolidada do top 25
feminino,volante,phase_1_core_positions,Diego Torres,23,Kanako Momiki,external_audit_passed,approved_for_top25_growth_promotion,top25_growth_wave_6_core_external_audit,promover candidato para shortlist consolidada do top 25
feminino,volante,phase_1_core_positions,Diego Torres,24,Charlotte Grant,external_audit_passed,approved_for_top25_growth_promotion,top25_growth_wave_6_core_external_audit,promover candidato para shortlist consolidada do top 25
feminino,volante,phase_1_core_positions,Diego Torres,25,Ida Engvoll,external_audit_passed,approved_for_top25_growth_promotion,top25_growth_wave_6_core_external_audit,promover candidato para shortlist consolidada do top 25
feminino,zagueiro,phase_1_core_positions,Diego Torres,21,Alicia Altuve,external_audit_passed,approved_for_top25_growth_promotion,top25_growth_wave_6_core_external_audit,promover candidato para shortlist consolidada do top 25
feminino,zagueiro,phase_1_core_positions,Diego Torres,22,Maya Le Tissier,external_audit_passed,approved_for_top25_growth_promotion,top25_growth_wave_6_core_external_audit,promover candidato para shortlist consolidada do top 25
feminino,zagueiro,phase_1_core_positions,Diego Torres,23,Sara Doorsoun,external_audit_passed,approved_for_top25_growth_promotion,top25_growth_wave_6_core_external_audit,promover candidato para shortlist consolidada do top 25
feminino,zagueiro,phase_1_core_positions,Diego Torres,24,Natalia Kuikka,external_audit_passed,approved_for_top25_growth_promotion,top25_growth_wave_6_core_external_audit,promover candidato para shortlist consolidada do top 25
feminino,zagueiro,phase_1_core_positions,Diego Torres,25,Gabrielle George,external_audit_passed,approved_for_top25_growth_promotion,top25_growth_wave_6_core_external_audit,promover candidato para shortlist consolidada do top 25
masculino,centroavante,phase_1_core_positions,Diego Torres,21,Roberto Soldado,external_audit_passed,approved_for_top25_growth_promotion,top25_growth_wave_6_core_external_audit,promover candidato para shortlist consolidada do top 25
masculino,centroavante,phase_1_core_positions,Diego Torres,22,Diego Milito,external_audit_passed,approved_for_top25_growth_promotion,top25_growth_wave_6_core_external_audit,promover candidato para shortlist consolidada do top 25
masculino,centroavante,phase_1_core_positions,Diego Torres,23,Gonzalo Higuain,external_audit_passed,approved_for_top25_growth_promotion,top25_growth_wave_6_core_external_audit,promover candidato para shortlist consolidada do top 25
masculino,centroavante,phase_1_core_positions,Diego Torres,24,Fernando Torres,external_audit_passed,approved_for_top25_growth_promotion,top25_growth_wave_6_core_external_audit,promover candidato para shortlist consolidada do top 25
masculino,centroavante,phase_1_core_positions,Diego Torres,25,Aleksandar Mitrovic,external_audit_passed,approved_for_top25_growth_promotion,top25_growth_wave_6_core_external_audit,promover candidato para shortlist consolidada do top 25
masculino,goleiro,phase_1_core_positions,Diego Torres,21,Maignan Mike,external_audit_passed,approved_for_top25_growth_promotion,top25_growth_wave_6_core_external_audit,promover candidato para shortlist consolidada do top 25
masculino,goleiro,phase_1_core_positions,Diego Torres,22,Marc-Andre ter Stegen,external_audit_passed,approved_for_top25_growth_promotion,top25_growth_wave_6_core_external_audit,promover candidato para shortlist consolidada do top 25
masculino,goleiro,phase_1_core_positions,Diego Torres,23,Santiago Canizares,external_audit_passed,approved_for_top25_growth_promotion,top25_growth_wave_6_core_external_audit,promover candidato para shortlist consolidada do top 25
masculino,goleiro,phase_1_core_positions,Diego Torres,24,Jens Lehmann,external_audit_passed,approved_for_top25_growth_promotion,top25_growth_wave_6_core_external_audit,promover candidato para shortlist consolidada do top 25
masculino,goleiro,phase_1_core_positions,Diego Torres,25,Pepe Reina,external_audit_passed,approved_for_top25_growth_promotion,top25_growth_wave_6_core_external_audit,promover candidato para shortlist consolidada do top 25
masculino,meia_ofensivo,phase_1_core_positions,Lara Nascimento,21,Santi Cazorla,external_audit_passed,approved_for_top25_growth_promotion,top25_growth_wave_6_core_external_audit,promover candidato para shortlist consolidada do top 25
masculino,meia_ofensivo,phase_1_core_positions,Lara Nascimento,22,Mesut Ozil II,external_audit_passed,approved_for_top25_growth_promotion,top25_growth_wave_6_core_external_audit,promover candidato para shortlist consolidada do top 25
masculino,meia_ofensivo,phase_1_core_positions,Lara Nascimento,23,Angel Correa,external_audit_passed,approved_for_top25_growth_promotion,top25_growth_wave_6_core_external_audit,promover candidato para shortlist consolidada do top 25
masculino,meia_ofensivo,phase_1_core_positions,Lara Nascimento,24,Ilkay Gundogan,external_audit_passed,approved_for_top25_growth_promotion,top25_growth_wave_6_core_external_audit,promover candidato para shortlist consolidada do top 25
masculino,meia_ofensivo,phase_1_core_positions,Lara Nascimento,25,Jamal Musiala,external_audit_passed,approved_for_top25_growth_promotion,top25_growth_wave_6_core_external_audit,promover candidato para shortlist consolidada do top 25
masculino,volante,phase_1_core_positions,Diego Torres,21,Ramires,external_audit_passed,approved_for_top25_growth_promotion,top25_growth_wave_6_core_external_audit,promover candidato para shortlist consolidada do top 25
masculino,volante,phase_1_core_positions,Diego Torres,22,Sergi Roberto,external_audit_passed,approved_for_top25_growth_promotion,top25_growth_wave_6_core_external_audit,promover candidato para shortlist consolidada do top 25
masculino,volante,phase_1_core_positions,Diego Torres,23,Mousa Dembele,external_audit_passed,approved_for_top25_growth_promotion,top25_growth_wave_6_core_external_audit,promover candidato para shortlist consolidada do top 25
masculino,volante,phase_1_core_positions,Diego Torres,24,Blaise Matuidi,external_audit_passed,approved_for_top25_growth_promotion,top25_growth_wave_6_core_external_audit,promover candidato para shortlist consolidada do top 25
masculino,volante,phase_1_core_positions,Diego Torres,25,Joao Palhinha,external_audit_passed,approved_for_top25_growth_promotion,top25_growth_wave_6_core_external_audit,promover candidato para shortlist consolidada do top 25
masculino,zagueiro,phase_1_core_positions,Diego Torres,21,Lucio,external_audit_passed,approved_for_top25_growth_promotion,top25_growth_wave_6_core_external_audit,promover candidato para shortlist consolidada do top 25
masculino,zagueiro,phase_1_core_positions,Diego Torres,22,Mats Hummels,external_audit_passed,approved_for_top25_growth_promotion,top25_growth_wave_6_core_external_audit,promover candidato para shortlist consolidada do top 25
masculino,zagueiro,phase_1_core_positions,Diego Torres,23,Leonardo Bonucci,external_audit_passed,approved_for_top25_growth_promotion,top25_growth_wave_6_core_external_audit,promover candidato para shortlist consolidada do top 25
masculino,zagueiro,phase_1_core_positions,Diego Torres,24,Diego Godin,external_audit_passed,approved_for_top25_growth_promotion,top25_growth_wave_6_core_external_audit,promover candidato para shortlist consolidada do top 25
masculino,zagueiro,phase_1_core_positions,Diego Torres,25,Martin Skrtel,external_audit_passed,approved_for_top25_growth_promotion,top25_growth_wave_6_core_external_audit,promover candidato para shortlist consolidada do top 25
feminino,lateral_direito,phase_2_support_positions,Helena Martins,21,Emily Sonnett,external_audit_passed,approved_for_top25_growth_promotion,top25_growth_wave_7_support_external_audit,promover candidato para shortlist consolidada do top 25
feminino,lateral_direito,phase_2_support_positions,Helena Martins,22,Poliana,external_audit_passed,approved_for_top25_growth_promotion,top25_growth_wave_7_support_external_audit,promover candidato para shortlist consolidada do top 25
feminino,lateral_direito,phase_2_support_positions,Helena Martins,23,Mie Leth Jans,external_audit_passed,approved_for_top25_growth_promotion,top25_growth_wave_7_support_external_audit,promover candidato para shortlist consolidada do top 25
feminino,lateral_direito,phase_2_support_positions,Helena Martins,24,Anna Blasse,external_audit_passed,approved_for_top25_growth_promotion,top25_growth_wave_7_support_external_audit,promover candidato para shortlist consolidada do top 25
feminino,lateral_direito,phase_2_support_positions,Helena Martins,25,Hanna Lundkvist,external_audit_passed,approved_for_top25_growth_promotion,top25_growth_wave_7_support_external_audit,promover candidato para shortlist consolidada do top 25
feminino,lateral_esquerdo,phase_2_support_positions,Helena Martins,21,Ali Riley,external_audit_passed,approved_for_top25_growth_promotion,top25_growth_wave_7_support_external_audit,promover candidato para shortlist consolidada do top 25
feminino,lateral_esquerdo,phase_2_support_positions,Helena Martins,22,Verena Hanshaw,external_audit_passed,approved_for_top25_growth_promotion,top25_growth_wave_7_support_external_audit,promover candidato para shortlist consolidada do top 25
feminino,lateral_esquerdo,phase_2_support_positions,Helena Martins,23,Sonia Bompastor,external_audit_passed,approved_for_top25_growth_promotion,top25_growth_wave_7_support_external_audit,promover candidato para shortlist consolidada do top 25
feminino,lateral_esquerdo,phase_2_support_positions,Helena Martins,24,Rosana,external_audit_passed,approved_for_top25_growth_promotion,top25_growth_wave_7_support_external_audit,promover candidato para shortlist consolidada do top 25
feminino,lateral_esquerdo,phase_2_support_positions,Helena Martins,25,Alyssa Chapman,external_audit_passed,approved_for_top25_growth_promotion,top25_growth_wave_7_support_external_audit,promover candidato para shortlist consolidada do top 25
feminino,meia_central,phase_2_support_positions,Lara Nascimento,21,Erin Cuthbert,external_audit_passed,approved_for_top25_growth_promotion,top25_growth_wave_7_support_external_audit,promover candidato para shortlist consolidada do top 25
feminino,meia_central,phase_2_support_positions,Lara Nascimento,22,Sam Coffey,external_audit_passed,approved_for_top25_growth_promotion,top25_growth_wave_7_support_external_audit,promover candidato para shortlist consolidada do top 25
feminino,meia_central,phase_2_support_positions,Lara Nascimento,23,Tameka Yallop,external_audit_passed,approved_for_top25_growth_promotion,top25_growth_wave_7_support_external_audit,promover candidato para shortlist consolidada do top 25
feminino,meia_central,phase_2_support_positions,Lara Nascimento,24,Jessica Fishlock,external_audit_passed,approved_for_top25_growth_promotion,top25_growth_wave_7_support_external_audit,promover candidato para shortlist consolidada do top 25
feminino,meia_central,phase_2_support_positions,Lara Nascimento,25,Katrina Gorry,external_audit_passed,approved_for_top25_growth_promotion,top25_growth_wave_7_support_external_audit,promover candidato para shortlist consolidada do top 25
feminino,segundo_atacante,phase_2_support_positions,Diego Torres,21,Christen Press,external_audit_passed,approved_for_top25_growth_promotion,top25_growth_wave_7_support_external_audit,promover candidato para shortlist consolidada do top 25
feminino,segundo_atacante,phase_2_support_positions,Diego Torres,22,Mana Iwabuchi,external_audit_passed,approved_for_top25_growth_promotion,top25_growth_wave_7_support_external_audit,promover candidato para shortlist consolidada do top 25
feminino,segundo_atacante,phase_2_support_positions,Diego Torres,23,Bethany Balcer,external_audit_passed,approved_for_top25_growth_promotion,top25_growth_wave_7_support_external_audit,promover candidato para shortlist consolidada do top 25
feminino,segundo_atacante,phase_2_support_positions,Diego Torres,24,Danielle Carter,external_audit_passed,approved_for_top25_growth_promotion,top25_growth_wave_7_support_external_audit,promover candidato para shortlist consolidada do top 25
feminino,segundo_atacante,phase_2_support_positions,Diego Torres,25,Madelen Janogy,external_audit_passed,approved_for_top25_growth_promotion,top25_growth_wave_7_support_external_audit,promover candidato para shortlist consolidada do top 25
masculino,lateral_direito,phase_2_support_positions,Helena Martins,21,Emerson Royal,external_audit_passed,approved_for_top25_growth_promotion,top25_growth_wave_7_support_external_audit,promover candidato para shortlist consolidada do top 25
masculino,lateral_direito,phase_2_support_positions,Helena Martins,22,Jeremie Frimpong,external_audit_passed,approved_for_top25_growth_promotion,top25_growth_wave_7_support_external_audit,promover candidato para shortlist consolidada do top 25
masculino,lateral_direito,phase_2_support_positions,Helena Martins,23,Nelson Semedo,external_audit_passed,approved_for_top25_growth_promotion,top25_growth_wave_7_support_external_audit,promover candidato para shortlist consolidada do top 25
masculino,lateral_direito,phase_2_support_positions,Helena Martins,24,Daryl Janmaat,external_audit_passed,approved_for_top25_growth_promotion,top25_growth_wave_7_support_external_audit,promover candidato para shortlist consolidada do top 25
masculino,lateral_direito,phase_2_support_positions,Helena Martins,25,Hector Bellerin,external_audit_passed,approved_for_top25_growth_promotion,top25_growth_wave_7_support_external_audit,promover candidato para shortlist consolidada do top 25
masculino,lateral_esquerdo,phase_2_support_positions,Helena Martins,21,Ben Chilwell,external_audit_passed,approved_for_top25_growth_promotion,top25_growth_wave_7_support_external_audit,promover candidato para shortlist consolidada do top 25
masculino,lateral_esquerdo,phase_2_support_positions,Helena Martins,22,David Raum,external_audit_passed,approved_for_top25_growth_promotion,top25_growth_wave_7_support_external_audit,promover candidato para shortlist consolidada do top 25
masculino,lateral_esquerdo,phase_2_support_positions,Helena Martins,23,Nuno Mendes,external_audit_passed,approved_for_top25_growth_promotion,top25_growth_wave_7_support_external_audit,promover candidato para shortlist consolidada do top 25
masculino,lateral_esquerdo,phase_2_support_positions,Helena Martins,24,Marcos Acuna,external_audit_passed,approved_for_top25_growth_promotion,top25_growth_wave_7_support_external_audit,promover candidato para shortlist consolidada do top 25
masculino,lateral_esquerdo,phase_2_support_positions,Helena Martins,25,Alberto Moreno,external_audit_passed,approved_for_top25_growth_promotion,top25_growth_wave_7_support_external_audit,promover candidato para shortlist consolidada do top 25
masculino,meia_central,phase_2_support_positions,Lara Nascimento,21,Marco Verratti,external_audit_passed,approved_for_top25_growth_promotion,top25_growth_wave_7_support_external_audit,promover candidato para shortlist consolidada do top 25
masculino,meia_central,phase_2_support_positions,Lara Nascimento,22,Granit Xhaka,external_audit_passed,approved_for_top25_growth_promotion,top25_growth_wave_7_support_external_audit,promover candidato para shortlist consolidada do top 25
masculino,meia_central,phase_2_support_positions,Lara Nascimento,23,Bruno Guimaraes,external_audit_passed,approved_for_top25_growth_promotion,top25_growth_wave_7_support_external_audit,promover candidato para shortlist consolidada do top 25
masculino,meia_central,phase_2_support_positions,Lara Nascimento,24,Leon Goretzka,external_audit_passed,approved_for_top25_growth_promotion,top25_growth_wave_7_support_external_audit,promover candidato para shortlist consolidada do top 25
masculino,meia_central,phase_2_support_positions,Lara Nascimento,25,Declan Rice,external_audit_passed,approved_for_top25_growth_promotion,top25_growth_wave_7_support_external_audit,promover candidato para shortlist consolidada do top 25
masculino,segundo_atacante,phase_2_support_positions,Diego Torres,21,Philippe Coutinho,external_audit_passed,approved_for_top25_growth_promotion,top25_growth_wave_7_support_external_audit,promover candidato para shortlist consolidada do top 25
masculino,segundo_atacante,phase_2_support_positions,Diego Torres,22,Javier Pastore,external_audit_passed,approved_for_top25_growth_promotion,top25_growth_wave_7_support_external_audit,promover candidato para shortlist consolidada do top 25
masculino,segundo_atacante,phase_2_support_positions,Diego Torres,23,Marco Reus,external_audit_passed,approved_for_top25_growth_promotion,top25_growth_wave_7_support_external_audit,promover candidato para shortlist consolidada do top 25
masculino,segundo_atacante,phase_2_support_positions,Diego Torres,24,Julian Alvarez,external_audit_passed,approved_for_top25_growth_promotion,top25_growth_wave_7_support_external_audit,promover candidato para shortlist consolidada do top 25
masculino,segundo_atacante,phase_2_support_positions,Diego Torres,25,Ayoze Perez,external_audit_passed,approved_for_top25_growth_promotion,top25_growth_wave_7_support_external_audit,promover candidato para shortlist consolidada do top 25
feminino,ponta_direita,phase_3_wide_profiles,Lara Nascimento,16,Sofia Jakobsson,external_audit_passed,approved_for_top25_growth_promotion,top25_growth_wave_8_wide_external_audit,promover candidato para shortlist consolidada do top 25
feminino,ponta_direita,phase_3_wide_profiles,Lara Nascimento,17,Kerolin,external_audit_passed,approved_for_top25_growth_promotion,top25_growth_wave_8_wide_external_audit,promover candidato para shortlist consolidada do top 25
feminino,ponta_direita,phase_3_wide_profiles,Lara Nascimento,18,Rebecka Blomqvist,external_audit_passed,approved_for_top25_growth_promotion,top25_growth_wave_8_wide_external_audit,promover candidato para shortlist consolidada do top 25
feminino,ponta_direita,phase_3_wide_profiles,Lara Nascimento,19,Yuki Nagasato,external_audit_passed,approved_for_top25_growth_promotion,top25_growth_wave_8_wide_external_audit,promover candidato para shortlist consolidada do top 25
feminino,ponta_direita,phase_3_wide_profiles,Lara Nascimento,20,Evelyne Viens,external_audit_passed,approved_for_top25_growth_promotion,top25_growth_wave_8_wide_external_audit,promover candidato para shortlist consolidada do top 25
feminino,ponta_esquerda,phase_3_wide_profiles,Lara Nascimento,16,Leah Galton,external_audit_passed,approved_for_top25_growth_promotion,top25_growth_wave_8_wide_external_audit,promover candidato para shortlist consolidada do top 25
feminino,ponta_esquerda,phase_3_wide_profiles,Lara Nascimento,17,Janine Beckie,external_audit_passed,approved_for_top25_growth_promotion,top25_growth_wave_8_wide_external_audit,promover candidato para shortlist consolidada do top 25
feminino,ponta_esquerda,phase_3_wide_profiles,Lara Nascimento,18,Barbara Dunst,external_audit_passed,approved_for_top25_growth_promotion,top25_growth_wave_8_wide_external_audit,promover candidato para shortlist consolidada do top 25
feminino,ponta_esquerda,phase_3_wide_profiles,Lara Nascimento,19,Ana Borges,external_audit_passed,approved_for_top25_growth_promotion,top25_growth_wave_8_wide_external_audit,promover candidato para shortlist consolidada do top 25
feminino,ponta_esquerda,phase_3_wide_profiles,Lara Nascimento,20,Caitlin Foord,external_audit_passed,approved_for_top25_growth_promotion,top25_growth_wave_8_wide_external_audit,promover candidato para shortlist consolidada do top 25
masculino,ponta_direita,phase_3_wide_profiles,Lara Nascimento,16,Moussa Diaby,external_audit_passed,approved_for_top25_growth_promotion,top25_growth_wave_8_wide_external_audit,promover candidato para shortlist consolidada do top 25
masculino,ponta_direita,phase_3_wide_profiles,Lara Nascimento,17,Dejan Kulusevski,external_audit_passed,approved_for_top25_growth_promotion,top25_growth_wave_8_wide_external_audit,promover candidato para shortlist consolidada do top 25
masculino,ponta_direita,phase_3_wide_profiles,Lara Nascimento,18,Federico Chiesa,external_audit_passed,approved_for_top25_growth_promotion,top25_growth_wave_8_wide_external_audit,promover candidato para shortlist consolidada do top 25
masculino,ponta_direita,phase_3_wide_profiles,Lara Nascimento,19,Samuel Chukwueze,external_audit_passed,approved_for_top25_growth_promotion,top25_growth_wave_8_wide_external_audit,promover candidato para shortlist consolidada do top 25
masculino,ponta_direita,phase_3_wide_profiles,Lara Nascimento,20,Takefusa Kubo,external_audit_passed,approved_for_top25_growth_promotion,top25_growth_wave_8_wide_external_audit,promover candidato para shortlist consolidada do top 25
masculino,ponta_esquerda,phase_3_wide_profiles,Lara Nascimento,16,Jack Grealish,external_audit_passed,approved_for_top25_growth_promotion,top25_growth_wave_8_wide_external_audit,promover candidato para shortlist consolidada do top 25
masculino,ponta_esquerda,phase_3_wide_profiles,Lara Nascimento,17,Marcus Rashford,external_audit_passed,approved_for_top25_growth_promotion,top25_growth_wave_8_wide_external_audit,promover candidato para shortlist consolidada do top 25
masculino,ponta_esquerda,phase_3_wide_profiles,Lara Nascimento,18,Luis Diaz,external_audit_passed,approved_for_top25_growth_promotion,top25_growth_wave_8_wide_external_audit,promover candidato para shortlist consolidada do top 25
masculino,ponta_esquerda,phase_3_wide_profiles,Lara Nascimento,19,Cody Gakpo,external_audit_passed,approved_for_top25_growth_promotion,top25_growth_wave_8_wide_external_audit,promover candidato para shortlist consolidada do top 25
masculino,ponta_esquerda,phase_3_wide_profiles,Lara Nascimento,20,Nico Williams,external_audit_passed,approved_for_top25_growth_promotion,top25_growth_wave_8_wide_external_audit,promover candidato para shortlist consolidada do top 25
feminino,ponta_direita,phase_3_wide_profiles,Lara Nascimento,21,Alisha Lehmann,external_audit_passed,approved_for_top25_growth_promotion,top25_growth_wave_9_wide_external_audit,promover candidato para shortlist consolidada do top 25
feminino,ponta_direita,phase_3_wide_profiles,Lara Nascimento,22,Nichelle Prince,external_audit_passed,approved_for_top25_growth_promotion,top25_growth_wave_9_wide_external_audit,promover candidato para shortlist consolidada do top 25
feminino,ponta_direita,phase_3_wide_profiles,Lara Nascimento,23,Chloe Lacasse,external_audit_passed,approved_for_top25_growth_promotion,top25_growth_wave_9_wide_external_audit,promover candidato para shortlist consolidada do top 25
feminino,ponta_direita,phase_3_wide_profiles,Lara Nascimento,24,Kerstin Garefrekes,external_audit_passed,approved_for_top25_growth_promotion,top25_growth_wave_9_wide_external_audit,promover candidato para shortlist consolidada do top 25
feminino,ponta_direita,phase_3_wide_profiles,Lara Nascimento,25,Janni Thomsen,external_audit_passed,approved_for_top25_growth_promotion,top25_growth_wave_9_wide_external_audit,promover candidato para shortlist consolidada do top 25
feminino,ponta_esquerda,phase_3_wide_profiles,Lara Nascimento,21,Lina Hurtig,external_audit_passed,approved_for_top25_growth_promotion,top25_growth_wave_9_wide_external_audit,promover candidato para shortlist consolidada do top 25
feminino,ponta_esquerda,phase_3_wide_profiles,Lara Nascimento,22,Yana Daniels,external_audit_passed,approved_for_top25_growth_promotion,top25_growth_wave_9_wide_external_audit,promover candidato para shortlist consolidada do top 25
feminino,ponta_esquerda,phase_3_wide_profiles,Lara Nascimento,23,Sveindis Jonsdottir,external_audit_passed,approved_for_top25_growth_promotion,top25_growth_wave_9_wide_external_audit,promover candidato para shortlist consolidada do top 25
feminino,ponta_esquerda,phase_3_wide_profiles,Lara Nascimento,24,Nicole Billa,external_audit_passed,approved_for_top25_growth_promotion,top25_growth_wave_9_wide_external_audit,promover candidato para shortlist consolidada do top 25
feminino,ponta_esquerda,phase_3_wide_profiles,Lara Nascimento,25,Caitlin Hayes,external_audit_passed,approved_for_top25_growth_promotion,top25_growth_wave_9_wide_external_audit,promover candidato para shortlist consolidada do top 25
masculino,ponta_direita,phase_3_wide_profiles,Lara Nascimento,21,Cole Palmer,external_audit_passed,approved_for_top25_growth_promotion,top25_growth_wave_9_wide_external_audit,promover candidato para shortlist consolidada do top 25
masculino,ponta_direita,phase_3_wide_profiles,Lara Nascimento,22,Raphinha,external_audit_passed,approved_for_top25_growth_promotion,top25_growth_wave_9_wide_external_audit,promover candidato para shortlist consolidada do top 25
masculino,ponta_direita,phase_3_wide_profiles,Lara Nascimento,23,Theo Walcott,external_audit_passed,approved_for_top25_growth_promotion,top25_growth_wave_9_wide_external_audit,promover candidato para shortlist consolidada do top 25
masculino,ponta_direita,phase_3_wide_profiles,Lara Nascimento,24,Xherdan Shaqiri,external_audit_passed,approved_for_top25_growth_promotion,top25_growth_wave_9_wide_external_audit,promover candidato para shortlist consolidada do top 25
masculino,ponta_direita,phase_3_wide_profiles,Lara Nascimento,25,Hatem Ben Arfa,external_audit_passed,approved_for_top25_growth_promotion,top25_growth_wave_9_wide_external_audit,promover candidato para shortlist consolidada do top 25
masculino,ponta_esquerda,phase_3_wide_profiles,Lara Nascimento,21,Rafael Leao,external_audit_passed,approved_for_top25_growth_promotion,top25_growth_wave_9_wide_external_audit,promover candidato para shortlist consolidada do top 25
masculino,ponta_esquerda,phase_3_wide_profiles,Lara Nascimento,22,Wilfried Zaha,external_audit_passed,approved_for_top25_growth_promotion,top25_growth_wave_9_wide_external_audit,promover candidato para shortlist consolidada do top 25
masculino,ponta_esquerda,phase_3_wide_profiles,Lara Nascimento,23,Serge Gnabry,external_audit_passed,approved_for_top25_growth_promotion,top25_growth_wave_9_wide_external_audit,promover candidato para shortlist consolidada do top 25
masculino,ponta_esquerda,phase_3_wide_profiles,Lara Nascimento,24,Memphis Depay,external_audit_passed,approved_for_top25_growth_promotion,top25_growth_wave_9_wide_external_audit,promover candidato para shortlist consolidada do top 25
masculino,ponta_esquerda,phase_3_wide_profiles,Lara Nascimento,25,Harvey Barnes,external_audit_passed,approved_for_top25_growth_promotion,top25_growth_wave_9_wide_external_audit,promover candidato para shortlist consolidada do top 25
